pais_de_origem;razao_social;cnpj;logradouro;cidade;uf;cep;e_mail;cotm;vigencia Mês;Vigência Dia;Vigência Ano
BRASIL;Agiliza Transportes E Logística Eireli;7953712000174;ROD. BR 277, KM 720, S/N, SALA 17 - ANEXO AO POSTO GASPARIN;;PR;85862000;leandro@agilizatransportes.com.br;0224-0107;11;9;2031
BRASIL;Alerta Transportes E Armazéns Gerais Ltda - Epp;10496449000146;Rodovia BR 277, km 720, nº 10.595 - Parque Três Fronteiras;;PR;85859688;delmar@transp-amizade.com.br;0900-0418;4;5;2028
BRASIL;Áquila Transporte De Cargas Ltda;3608196000190;STRC TRECHO 04 CONJ. C LOTE 09 - ZONA INDUSTRIAL;;DF;71225543;marcelo@aquilaexpress.com.br;0419-1110;6;29;2032
BRASIL;Brazil Relocation & Services Ltda;4314143000129;RUA 13, QD. 49, LOTE 32 E 33 - PARQUE ESPLANADA II;;GO;72878036;adm1@brazilrelocatin.com;0412-0910;11;12;2030
BRASIL;Brucal Implementos Rodoviários Ltda;76188846000169;Rod. dos Minérios, km23,5, nº14552 - Areias;;PR;83514000;fernando@brucalimplementos.com.br;0659-1214;12;30;2024
BRASIL;Bun Log Serviços Logisticos Ltda;35957917000163;RUA ROQUE MEDALDO FRIAS, Nº 1341, GAÇPÃO 05, SALA 01, TÉRREO - RECREIO CAMPESTRE JOIA;;SP;13347035;rmendes@bentonit.com.br;1171-0621;6;22;2031
BRASIL;Ciagram Portos E Navegação Da Amazônia Ltda;2900972000168;R I QUADRA E - LOTE 02 - SETOR INDUSTRIAL;;AM;69800000;logistica@masutti.com.br;1269-0622;6;22;2032
BRASIL;Eckert & Ziegler Brasil Logistica Ltda;21423605000165;RUA MIGUEL NELSON BECHARA, 480 - TERREO - SALA 01 - BAIRRO - JARDIM PEREIRA LEITE;;SP;2712130;clarice.almeida@ezag.com;1085-0620;6;12;2030
BRASIL;Gencon Logistica Transportes E Armazéns Gerais Ltda;7263198000145;Av. Fernando Cerqueira César Coimbra - 830 - Bloco 02 - Parque Industrial Cacique - Londrina;;PR;86072110;italo@compager.com.br;0579-0913;9;10;2023
PARAGUAI;Grupo G3 Sociedade Anonima;53412;RUTA 6, CRUCE 14 DE MAYO, SANTA RITA;;;;maxypytterh@hotmail.com;0534-1212;12;10;2022
BRASIL;Jbs S.A.;2916265000160;AV. MARGINAL DIREITA DO TIETE, 500 - ANDAR 3 BLOCO I;;SP;5118100;cassio.sanches@jbs.com.br;1023-1019;10;1;2029
BRASIL;Jr Pereira Transportes Ltda;51024961000177;EST DO CAIXA PARA, 120, LEVILÂNDIA, ANANINDEUA;;PA;67015520;didimopereira@hotmail.com;1407-0224;2;8;2034
BRASIL;Katoen Natie Do Brasil Ltda;40924102000118;Avenida Viena, nº 419 - Distrito Industrial;;SP;13146055;regulatorios@katoennatie.com.br;0214-1106;10;19;2026
BRASIL;Leramarc Transportes E Logística Ltda;31000248000186;Rua Antonio Soster, 287 - Jardim Regina;;SP;13348897;rafael@leramarc.com.br;0987-0519;5;9;2029
BRASIL;Logjato Transportes E Logistica Eireli;24514316000160;Segunda Avenida Bloco 1385A, Loja 1;;DF;71710555;logjatobsb@gmail.com;0794-1016;10;5;2026
BRASIL;Logmed Rio Armazenagem E Transporte Ltda;22044907000195;RUA FRANCISCO DE S E MELO, 01590, ARMAZEN Nº 103 GALPÃO 03;;RJ;21010900;juridico@logmed.net;1028-1019;10;10;2029
DINAMARCA;Maersk Line A/S;21386088000100;Esplanaden 50, 1098;;;;gustavo.candido@maersk.com;0667-0315;3;25;2025
BRASIL;Marca Sul Mudanças E Transportes Ltda;3126110000192;SCIA Quadra 08, conj.08, lote 13;;DF;71250710;bsb@granero.com.br;0804-1116;11;11;2026
BRASIL;Medylog Logística E Distribuição Ltda;11958200000178;RUA 24 (Polo de Modas) - LOTE 05 - QE 40;;DF;71070524;MEDYLOGADM@GMAIL.COM;1311-1222;12;1;2032
BRASIL;Megatranz Transportes Ltda;3061794000191; Av. Major Sylvio de Magalhães Padilha, 5200 -  Bl. E - 5º andar - Conjunto 507;;SP;5693000;MEGATRANZ@megatranz.com;0081-0605;6;8;2027
BRASIL;Mel Logística E Desembaraço Aduaneiro Eireli - Me;23756206000141;RUA WALTER MACHADO, 841 QUADRA D LOTE 05 ( CX POSTAL 187);;GO;75375000;ricardo@mellogistica.com.br;0824-0217;2;10;2027
BRASIL;Noble Brasil S.A;6315338000119;Avenida Rebouças nº 3.970, 22º andar - Condomínio Eldorado Business Tower;;SP;5402920;julianamedeiros@thisisnoble.com;0493-0512;5;25;2022
BRASIL;Northin Logística E Servicos De Navegação Ltda;41248280000139;EST. ESTADUAL DO ANEL VIARIO S/N - GALPÃO 02 - SALA 02 - AREA RURAL;;RO;76914899;igorchaves98@hotmail.com;1394-1223;12;20;2033
BRASIL;Nova Solução Logística & Transporte Ltda;33805990000194;Estrada Angela Trevisan Ciciliato, Nº 200, Galpão 01, Modulo 01 - Jardim Oliveira Camargo;;SP;13340730;diretoria@novasolucaolog.com;1440-0824;8;23;2034
BRASIL;Pacheco Logística Ltda;14144376000184;RUA DONA MARGARIDA, Nº 903;;RS;90240611;contabilidade@grupodarcypacheco.com.br;0568-0713;7;22;2023
BRASIL;Paradiso Giovanella Transportes Ltda;68979111000125;Rua José Simeão Rodrigues Agostinho, n º 502 - sala 03 - Bairro Água Espraiadas;;SP;6833300;adm@transgiovanella.com.br;0072-0505;6;7;2015
BRASIL;Rm Melo Transforporte Rodoviario E Aereo De Cargas Ltda;12323649000122;QUADRA 3, CONJUNTO B, LOTE 6, SETOR DE INDUSTRIAS BERNARDO SAYAO;;DF;71736302;RODRIGO@ALFAEXPRESSDF.COM.BR;1446-0924;9;30;2034
BRASIL;Rodorei Transportes Ltda;68577659000149;Rua Salete nº 200 Cj. 81/82;;SP;2016001;reinaldo@rodorei.com.br;0535-0113;1;3;2023
BRASIL;Sec Figueiredo Ltda - Epp;43448117000145;RUA ESTELA Nº 515 - BLOCO H - 3 ANDAR - CJ 31;;SP;4011002;eduardo@secfigueiredo.com.br;0524-1012;10;8;2022
BRASIL;Sigma Diamant Brasil Comercio De Maquinas E Equipamentos Para Ceramica Ltda;18461528000123;RUA CORONEL PEDRO BENEDET, Nº 333, SALA 1603;;SC;88801250;operacional@sigmagrupo.com.br;1203-1121;11;19;2031
BRASIL;Teciap - Terminais E Armazens Geriais Ltda;20404196000197;R A, Nr. 1530 - LOTE A QUADRA AREA -  PARQUE INDUSTRIAL INTERMODAL DE RONDONOPÓLIS;;MT;78748702;fiscal@ciapetro.com.br;1466-0125;1;8;2035
BRASIL;Tex Transporte De Encomendas Expressas Ltda;6367990000187;RUA GIÁCOMO BATTASSINI, Nº 77, TERREO;;RS;95034190;dptofiscal@passaromarron.com.br;1142-0221;2;22;2031
BRASIL;Torres Transportes Rodofluvial Ltda;14410508000172;RODOVIA BR 163 - SANTAREM CUIABA - KM04, S/N;;PA;68030000;cobranca@torrestransportes.com.br;1354-0623;6;2;2033
BRASIL;Trans30 Transportes De Cargas Ltda;28965734000124;Rua Raimundo Antonio dos Santos, s/n, quadra 25, lote 27 - Campo Lindo;;RJ;22898018;contabilidadealcm@gmail.com;0942-1018;10;4;2028
BRASIL;Transfepaje - Transporte Rodoviário De Cargas Ltda;7432416000128;AVENIDA NILSON GOTLLIEB - Nº 2505 - TRÊS LAGOAS;;PR;85862408;COMERCIAL@TRANSFEPAJE.COM.BR;1299-0922;9;29;2032
BRASIL;Transjak Express Ltda;40897110000112;Avenida Antonio Coellho Carvalho nº 2503 - B - Santa Rita;;AM;68901280;TRANSJAK-AP@HOTMAIL.COM;1393-1223;12;20;2033
BRASIL;Transli - Transportadora Liberdade Ltda;1650438000188;Avenida Nilson Gottlieb, s/n - Final - De frente a BR 277 - Km 720;;PR;85862408;transli@transliberdade.com.br;0169-0206;5;31;2026
BRASIL;Transportadora Amizade Ltda;2335956000170;BR 277, km 720, nº 10.595 sala 14 - Anexo Posto Gasparin - Bairro Três Lagoas;;PR;85867000;argeu@transp-amizade.com.br;0033-0305;3;30;2025
BRASIL;Transrodoforte Transportadora Internacional Ltda;5993759000136;ROD BR-277 nº 10595, SALA 19, KM 720, ANEXO POSTO GASPARIN - BAIRRO NOVO MUNDO;;PR;85862000;rh@transrodoforte.com.br;1249-0522;5;5;2032
BRASIL;Tropical Transportes Ipiranga Ltda;42310177000134;Rua Francisco Eugenio, 329 sala 602 - Parte;;RJ;20941900;celioap@ipiranga.com.br;0074-0505;6;7;2015
BRASIL;V Pilati Empresa De Transportes Rodoviarios;81127144000105;Rodovia BR 277 - km 726 - Bairro Três Lagoas;;PR;85867000;transpilati@transpilati.com.br;0142-1005;5;26;2025
BRASIL;Yes Brazil Express Cargas Ltda;2006743000102;RUA JOSE FERNANDES TEIXEIRA (ZUZA), 1091 - VILA ROSA;;SP;6317270;contab.luz@terra.com.br;1037-1119;11;12;2029
ALEMANHA;HAPAG-LLOYD AG;8219447000168;Ballindamm, 25 - 20095 Hamburg - Germany;;;;intimacoes@hlag.com;0696-0715;6;23;2035
BRASIL;Greca Transportes De Cargas S.A.;242640000108;Avenida das Araucarias nº 5126 - Chapada;;PR;83707000;andrea@grecaasfaltos.com.br;0510-0812;6;22;2032
CHILE; CSAV AUSTRAL SPA;71015;14 Norte 976, Piso 12, Viña del Mar;;;;intimacoes@hlag.com;0710-0915;7;30;2035
CHILE; CSAV AUSTRAL SPA;71015;14 Norte 976, Piso 12, Viña del Mar;;;;luanabrancacio@hotmail.com;0710-0915;7;30;2035
BRASIL;Tangara Logistica E Transportes Eireli - Epp;12900343000191;AV. ADINEI EMIDIO DE ALMEIDA, Nº 1893 - BAIRRO INDUSTRIAL;Cacoal;RO;76960970;fernando@piarara.com.br;1221-0122;1;25;2032
BRASIL;Piarara Transportes Ltda;1746769000116;Rod. BR 364, KM 232, Lote 08-B, Gleba 08, Pavilhão A;Cacoal;RO;76960970; contabilidadetransportes@piarara.com.br;0348-1009;7;11;2029
BRASIL;P & F Transportes Eireli;13564310000180;EST DO BELMONT Nº 9349 KM 04 - BAIRRO NACIONAL;Porto Velho;RO;76801870;gustavoskiadv@gmail.com;0441-0711;10;4;2031
BRASIL;Noroeste Transporte E Serviços Ltda;84552827000106;Rua João Pedro da Rocha, 2740;Porto Velho;RO;76820888;dionemrios@uol.com.br;0462-1111;11;8;2021
BRASIL;Bdx Logística Ltda;17589247000198;ESTRADA DO TERMINAL Nº 400 BAIRRO: PANAIR;Porto Velho;RO;76801370;bdxlogistica@gmail.com;1371-0923;9;1;2033
BRASIL;OCEAN RIVER DO BRASIL LOGISTICA INTEGRADA LTDA;62768709000199;AV LAURO SODRÉ, 1865;Porto Velho;RO;76801501;FISCAL@OCEANRIVER.COM.BR;1521-1125;11;10;2035
BRASIL;Raro Transportes E Com. Imp. E Exp. Ltda;23589040000116;EST. BR 317 KM 02 Nº 1500 - FUNDOS SALA B - ZONA RURAL;Brasiléia;AC;69932000;RARODISTRIBUIDORA@UOL.COM.BR;1047-0120;1;27;2030
BRASIL;Logsul Investy Ltda Me;10541783000174;Rua Parintins, nº 44 - Conjunto Universitário III;Rio Branco;AC;69917748;jonilson.marinho@hotmail.com;0927-0918;9;3;2028
BRASIL;Comércio E Navegação Prates Ltda;4443961000121;MARGEM DIREITA DO RIO NEGRO ESTRADA DO BRITO, CACAU PIRERA, N 06;Iranduba;AM;69421000;financeiro@navegacaoprates.com.br;1355-0623;6;15;2033
BRASIL;F C Transporte E Turismo Eireli;84084383000113;RUA CAROLINA FERNANDES  Nº 1045 - SÃO JOSÉ;Manacapuru;AM;69400797;hpgadelha@gmail.com;1281-0822;8;22;2032
BRASIL;Rio Solimões Navegação E Transportes Ltda;608456000139;Travessa Aniceto Barroso, nº 282, andar 01, sala 03, Bairro Terra Preta,;Manacapuru;AM;69401278;riosolimoesnav@gmail.com;1457-1224;12;9;2034
BRASIL;Pimentel Turismo E Transportes Ltda;7612370000129;TRAVESSA ANICETO BARROSO, Nº 282, 1º ANDAR, SALA 04 - TERRA PRETA;Manacapuru;AM;69401278;pimentelturismoltda@gmail.com;1423-0624;6;3;2034
BRASIL; PP RENT A CAR E TRANSPORTES LTDA;11023327000103; Boulevard Pedro Rattes, nº 2823, sala 01;Manacapuru;AM;69401233;osvana.guedes.mpu@gmail.com;1496-0525;5;12;2035
BRASIL;NAVEGACAO GRIJO SERVICOS DE TRANSPORTES LTDA;14294484000133;TV ANICETO BARROSO Nº 282;Manacapuru;AM;69401278;NAVEGACAOGRIJO@YAHOO.COM.BR;1528-0226;2;24;2036
BRASIL;D S D MANUTENCAO, TRANSPORTE E LOGISTICA LTDA;49358487000178;RUA RIO MUTUZINHO, 1500, SALA B;Manaus;AM;69089050;rs.baus@hotmail.com;1532-0326;3;4;2036
BRASIL;FELIPE LOPES FRANCO LTDA;18054044000160;Rua Rita Teles, nº 15, Quadra e16;Manaus;AM;69098353;agiltransporteslogistica@gmail.com;1524-1225;12;18;2035
BRASIL;AMZ COMÉRCIO E SERVIÇOS DE MÁQUINAS LTDA;18525828000129;Rua PE. Monteiro de Noronha, nº 50;Manaus;AM;69028140;tricia@amzco.com.br;1509-0725;7;22;2035
BRASIL;ALYA SERVIÇOS E LOGÍSTICA LTDA;60319235000172;Avenida dos Oitis, nº 2449;Manaus;AM;69089035;edson.guilherme@alyaservicos.com.br;1517-0925;9;30;2035
BRASIL;JW TRANSPORTES E LOGISTICA LTDA;62325982000149;R JOAQUIM SARMENTO;Manaus;AM;69010020;HEBERTH26.FREITAS@HOTMAIL.COM;1519-1025;10;21;2035
BRASIL;Yamaha Motor Do Brasil Logística Ltda;26278985000105;Rua Rio Jaguarão, nº 1842, galpão 14, sala 1;Manaus;AM;69072055;tributário.jurídico@yamaha-motor.com.br;0805-1116;11;16;2026
BRASIL;ECO LOGÍSTICA TRANSPORTE DE CARGA LTDA;1903750000136;R. RAIMUNDO NONATO DE CASTRO Nº 01 - GALPAO B;Manaus;AM;69037140;pedrobarbosa67@gmail.com;1478-0325;3;13;2035
BRASIL;KODEX LOGISTICA LTDA.;20735946000456;R CORONEL MIRANDA REIS, 443 ;Manaus;AM;69079310;alexandre.kieling@kodexexpress.com;1485-0425;4;4;2035
BRASIL;Orange Cargo Serviço Auxiliar De Transporte Aereo Ltda;23605612000103;RUA DONA BENEDITA CASTELO BRANCO, Nº 1, SALA B - FLORES;Manaus;AM;69058826;cmtediogo@hotmail.com;1182-0721;7;26;2031
BRASIL;OM BOAT LOGÍSTICA LTDA;17026052000130;RUA COMENDADOR J. G. ARAUJO, Nº 13;Manaus;AM;69029130;soraya@ozielmustafa.com.br;0861-0917;9;29;2027
BRASIL;OM BOAT LOGÍSTICA LTDA;17026052000130;RUA COMENDADOR J. G. ARAUJO, Nº 13;Manaus;AM;69029130;legalizacao@jmconsultoria-am.com.br;0861-0917;9;29;2027
BRASIL;Nortesul Logística E Transportes Especializados Eireli;11821060000191;AVENIDA SALVADOR, Nº 120, SALA 508 - ADRIANOPOLIS;Manaus;AM;69057040;marcelo.oliveira@nortesulogistica.com;1235-0322;3;21;2032
BRASIL;Nortexlog Transportes Ltda Me;11094826000183;AVENIDA DO TURISMO Nº 10072 - LETRA C - TARUMÃ;Manaus;AM;69041010;KAUE@NORTEXLOG.COM.BR;1069-0420;4;3;2030
BRASIL;Newlog Agenciamento E Transporte De Cargas Ltda;35336375000101;RUA DOS UIRAPURUS 334 LOTE FAZENDINHA SALA 03  - BAIRRO CIDADE DE DEUS;Manaus;AM;69099415;gianeguerreirocont@hotmail.com;1426-0624;6;18;2034
BRASIL;Rms Logística Ltda-Me;22995633000110;Rua José Maria Moreno, nº 13 - Parque Dez de Novembro;Manaus;AM;69054000;elienesantosrms@hotmail.com;0720-1015;10;22;2025
BRASIL;Roberto L. Da Cruz - Transportes Epp;11699398000112;Avenida do Turismo, Numero 3100, Sala 36 - Taruma;Manaus;AM;69041010;roberto@alliancelog.net;0614-0414;4;2;2024
BRASIL;R A Sa Gomes;34607811000177;RUA VITÓRIA, Nº 48 - GLÓRIA;Manaus;AM;69027731;gustavoskiadv@outlook.com;1196-1021;10;15;2031
BRASIL;R R Serviços De Transporte E Navegação Ltda;4473078000184;RUA VISCONDE DE UTINGA, 20, QD. 11 - BAIRRO FLORES;Manaus;AM;69058810;rr_cidade@hotmail.com;0572-0813;9;13;2033
BRASIL;Pioneiro Combustíveis Ltda;84010040000104;AV. DO TURISMO Nº 7228 - SALA 01 - TARUMÃ;Manaus;AM;69041010;LINDI@PIONEIROBR.COM.BR;1391-1223;12;4;2033
BRASIL;Ponta Negra Soluções Logísticas E Transportes Ltda;6522265000136;Alameda Cosme Ferreira, nº 1877 - E - Aleixo;Manaus;AM;69083000;fpnl@gbringel.com;0910-0718;7;13;2028
BRASIL;Pronto Cargo Do Brasil Ltda;13639824000158;Rua Padre Monteiro de Noronha, nº 248 - Flores;Manaus;AM;69028140;paulo.vinholy@prontocargo.com.br;0751-0516;5;10;2026
BRASIL;Pronto Cargo Farma Ltda;44142950000126;AV TORQUATO TAPAJOS, Nº 7503 - TARUMÃ;Manaus;AM;69041025;maroun.saab@prontocargo.com.br;1266-0622;6;21;2032
BRASIL;Lse Logística Soluções Empresariais Ltda;13518649000140;RUA HIDRA 188 - PORTÃO A, BAIRRO SANTO AGOSTINHO;Manaus;AM;69036520;emerson.moreira@lse.vlog.br;0499-0712;7;24;2022
BRASIL;Lsl Transportes Da Amazônia Ltda;21026335000159;Rua Juruá, nº 160, Sala III - Distrito Industrial I;Manaus;AM;69075120;contato@grupolsl.com.br;0833-0617;6;1;2027
BRASIL;M2M Consultoria E Logistica Multimodal Limitada;42143865000157;RUA PROFESSORA TEREZA ANDRADE, Nº 78, TÉRREO - ALVORADA;Manaus;AM;69048350;consultoriam2m@hotmail.com;1353-0523;5;31;2033
BRASIL;Lbs - Transporte De Cabotagem E Logística Ltda - Me;63730014000180;Avenida Curação, nº 1, quadra 405, sala 01 -  Cidade Nova;Manaus;AM;69097235;alice.varjao@mvcomercioeservicos.com.br;0677-0615;6;10;2025
BRASIL;Link Soluções Em Logística Integrada Ltda;6044947000180;AV DA FLORESTA, 5.800 - LOTEAMENTO JARDIM TARUMANZINHO - TARUMÃ-AÇU;Manaus;AM;69022332;gustavoskiadv@outlook.com;0501-0812;10;29;2034
BRASIL;LLS TRANSPORTE E AGENCIAMENTO DE CARGAS LTDA;15564129000108;Rua Desembargador Luis Felismino Caral, nº 218, conj. Beija Flor II - Bairro Flores;Manaus;AM;69028330;marcelo.lara@essencialcargo.com.br;0734-1215;7;30;2035
BRASIL;LLS TRANSPORTE E AGENCIAMENTO DE CARGAS LTDA;15564129000108;Rua Desembargador Luis Felismino Caral, nº 218, conj. Beija Flor II - Bairro Flores;Manaus;AM;69028330;financeiro@essencialcargo.com.br;0734-1215;7;30;2035
BRASIL;Loc Guindastes Locações E Transportes Ltda;42725389000182;AV. SOLIMOES, Nº 1874 - MAUAZINHO;Manaus;AM;69075715;gustavoskiadv@outlook.com;1200-1021;10;28;2031
BRASIL;Milly Transportes Ltda;34989647000100;Avenida 7 de maio, 2015 - Santa Etelvina;Manaus;AM;69059140;gerencia@millytransportes.com;1301-1022;10;5;2032
BRASIL;Tomiasi Transportes Ltda;84488550000191;Rua Zebu, Nº 01, Lote B - Colônia Oliveira Machado;Manaus;AM;69074160;jeany@tomiasi.com.br;0314-1108;11;19;2018
BRASIL;Top Service Comércio E Serviços De Manutenção Industrial Ltda;9007471000104;AV. CORONEL CYRILLO NEVES, Nº 1010 - G1 F - COMPENSA;Manaus;AM;69035350;topservice@topservicebrasil.com.br;0878-1217;12;21;2027
BRASIL;Selenetur Agência De Viagens E Turismo Eireli - Epp;34516450000153;Av. Jacira Reis, nº 213, sala 03 a 05, conj. Kissia - Dom Pedro I;Manaus;AM;69040270;marcio.perez@selenetur.com.br;0944-1018;10;17;2028
BRASIL;Solution Logística Multimodal Ltda;8891893000114;Av. ANDRE ARAUJO, 97 EDF FORUM SALA 1305 BAIRRO ADRIANOPOLIS;Manaus;AM;69057025;idalecio@solutionlogistica.com.br;0266-1107;10;3;2034
BRASIL;Sc Transportes Ltda;4330304000178;Avenida Djalma Batista, nº 1719 - pavimento 14, sala 1408 B  - Edificio Atlantic - Chapada;Manaus;AM;69050010;henriques@socorrocarvalho.com.br;0690-0715;7;9;2025
BRASIL;Sd Logística E Transporte Multimodal Eireli;6820212000100;Rua Dr. Amaro Alencar, nº 620 - São Raimundo;Manaus;AM;69027031;COMERCIALPR@SDMULTIMODAL.COM.BR;0426-0111;2;22;2031
BRASIL;Rvs Serviços Da Construção Civil Eireli;22299597000150;RUA MIRANDA SIMÕES, Nº 8, QD F, SALA 11, CONJ ADRIANÓPOLIS - ADRIANÓPOLIS;Manaus;AM;69057067;rvs.com.servicos@gmail.com;1256-0522;5;18;2032
BRASIL;S S Transporte E Logística Ltda;51412204000170;BC CAIRE, nr 12, Bairro Aleixo;Manaus;AM;69060707;CONTATO@SSTRANSPORTE.COM;1379-0923;9;22;2033
BRASIL;Veloceprime Transportes Ltda;56119835000110;AV. SETE DE MAIO, Nº 63, AME 1029, SALA 04;Manaus;AM;69059140;miguel@veloceprimetransportes.com.br;1448-1024;10;7;2034
BRASIL;TRANSGLOBAL SERVIÇOS LTDA;1362266000147;Travessa do Seringal, n° 94;Manaus;AM;69075709;tgs@tgstransglobal.com.br;0095-0805;7;21;2035
BRASIL;Transpor Logistica E Transporte Ltda;44657313000192;AV RODRIGO OTAVIO, Nº 2890, SALA 01B - DISTRITO INDUSTRIAL I;Manaus;AM;69075005;joaoamarildodutra@gmail.com;1236-0322;3;30;2032
BRASIL;Transportes Carinhoso Ltda;1568020000126;Av. Puraquequara, 3.700 - Bairro Puraquequara;Manaus;AM;69083000;t.carinhoso@tcarinhoso.com.br;0379-0410;4;16;2020
BRASIL;Transgatão Transportes E Comércio De Materiais De Construção E Estivas Ltda - Epp;7244914000147;Rua Halésia, nº 430, quadra 08, lote 26, loteamento Rio Piorini, Colônia Terra Nova;Manaus;AM;69015613;transgatao@hotmail.com;0653-1214;12;9;2034
BRASIL;Trairi Comércio De Derivados De Petróleo Ltda;4811052000107;Rua São Luis, nº 80 - Adrianopolis;Manaus;AM;69057250;karinaamaral@tcdnavegacao.com.br;0915-0818;8;2;2028
BRASIL;F H De Oliveira Peixoto - Eireli;15809486000180;Av. Professor Paulo Graças, nº 2505 - Tarumã-Açú;Manaus;AM;69023165;francisco@fhopeixoto.com.br;0844-0717;7;4;2027
BRASIL;F. S. Neves Ltda;23036429000134;Av. da Floresta, 5.800, Loteamento Jardim Tarumanzinho, Sala 01 - Tarumã-Açu;Manaus;AM;69022332;faleconosco@brbrigida.com;1306-1022;10;20;2032
BRASIL;SPEED TRANSPORTE MULTIMODAL DE CARGAS LIMITADA;31145051000135;Av. Solimões, nº 500, Sala 04;Manaus;AM;69007004;engeman.gerencia@gmail.com;0966-0119;1;18;2029
BRASIL;SPEED TRANSPORTE MULTIMODAL DE CARGAS LIMITADA;31145051000135;Av. Solimões, nº 500, Sala 04;Manaus;AM;69007004;FISCAL@EXCELENCIACONTABIL.NET;0966-0119;1;18;2029
BRASIL;Entre Pontos Serviços De Logistica Ltda;26915771000100;Rua Campos Bravos, nº 480, Redenção;Manaus;AM;69047000;gustavoskiadv@outlook.com;1431-0724;7;12;2034
BRASIL;Francis José Chehuan & Cia Ltda;4819181000133;Avenida Pedro Teixeira, nº 1552, sala A - Dom Pedro I;Manaus;AM;69040000;f-chehuan@hotmail.com;0215-1106;10;8;2031
BRASIL;Fs Transporte E Logística Eireli;36779318000160;AVENIDA TORQUATO TAPAJÓS, nº 5580, LOTE B, LJ 07 - BAIRRO DA PAZ;Manaus;AM;69048010;gerencia@fslogmao.com.br;1191-0821;8;20;2031
BRASIL;Fs Despachos Aduaneiros Ltda;25097573000106;RUA LATINO COELHO, 02 QD 03 SALA 01 CONJ. ARUANÃ - COMPENSA;Manaus;AM;69036420;contabil@codama.com.br;0847-0717;7;5;2027
BRASIL;Eficácia Transportes Ltda;3642171000102;Av. Puraquequara, nº 777, Sala B - Puraquequara;Manaus;AM;69009000;administrativo@hr.log.br;1357-0623;6;28;2033
BRASIL;D C Guedes Representação Comercial, Transporte De Cargas Ltda ;15425851000153;RUA CARDINAL, Nº 2075, QD 12 LT 01-02 PQ DEZ, TARUMA;Manaus;AM;69022123;daianne_cguedes@hotmail.com;1370-0823;8;31;2033
BRASIL;D Silva Oliveira - Me;12726019000107;Av. Barão do Rio Branco, nº 1527, sala 14 - Parque das Laranjeiras;Manaus;AM;69058581;jbinfolog@gmail.com;0707-0915;9;9;2025
BRASIL;Delima Comércio E Navegação Ltda;5089941000167;RUA DESEMBARGADOR CESAR DO REGO, Nº 850, SALA 03, COLÔNIA ANTÔNIO ALEIXO;Manaus;AM;69008445;delima@delimanavegacao.com.br;0508-0812;8;30;2022
BRASIL;H & R Transportes Ltda;1747038000195;AV PURAQUEQUARA, Nº 777, SALA A - PURAQUEQUARA;Manaus;AM;69009000;hugo.willian@hrlog.net;1245-0522;5;5;2032
BRASIL;H P Logística E Navegação Multimodal Ltda;10526719000114;Avenida Puraquequara nº 500 - Galpão A - Puraquequara;Manaus;AM;69009000;thalles@excelenciacontabil.net;0969-0119;1;21;2029
BRASIL;I D Saraiva De Oliveira Logistica;13426271000155;RUA BARÃO DO SURUÍ, Nº 11, QD 17, LT PQ LARANJEIRAS - FLORES;Manaus;AM;69058260;controladoria@idslogistica.com.br;1326-0822;8;5;2032
BRASIL;Ils Integrated Logistic Solutions Consulting Brasil Ltda;4866319000155;AV BISPO PEDRO MASSA, Nº 12, QUADRA140 CJ CN ET 2 NC 6 SALA 01;Manaus;AM;69095160;elcio.mori@hotmail.com;1260-0522;5;24;2032
BRASIL;Kinglog Transportes Multimodais Ltda;26002003000158;Avenida Desembargador João Machado, sala 31, Pavilhão 01, nº 597 - Alvorada;Manaus;AM;69042360;ivonepaula@aliancalogistic.com.br;0800-1016;10;19;2026
BRASIL;L P Transportes Carga E Descarga Ltda;7866382000180;R HIDRA 99 SALA 01;Manaus;AM;69036520;lptransportescargas@yahoo.com;1412-0324;3;15;2034
BRASIL;Jxp Projetos E Logistica Ltda;43713271000105;R RITA TELES, 06 - QD E11 LT 06 LT AGU;Manaus;AM;69098353;ANDRE.GONCALVES@JXPLOGISTICA.COM.BR;1450-1024;10;30;2034
BRASIL;Jr Transportes Ltda Epp;84462290000185;Rua Paulo Eduardo de Lima, nº 66, conj. Ribeiro Junior - Cidade Nova;Manaus;AM;69095500;jrtrans@gmail.com;0736-0116;1;22;2026
BRASIL;J Cruz Serviços Administrativos Para Terceiros Ltda;2236769000139;AVENIDA  COSME FERREIRA 362 - SALA 107 - COROADO;Manaus;AM;69082230;jcservi@hotmail.com;0511-0912;9;5;2022
BRASIL;J Holanda Pinheiro;46474636000176;RUA DOMINGOS LEITE Nº 65 - DA PAZ;Manaus;AM;69048020;JEDDSON93@ICLOUD.COM;1295-0922;9;29;2032
BRASIL;J R Da Silva Comercio Me;10224658000130;RUA EMILIO MOREIRA, Nº 221, CASA 01 - CENTRO;Manaus;AM;69020245;muticomercio@gmail.com;1189-0821;8;11;2031
BRASIL;J Rivelino Moreira Ltda;17119598000135;AV COSME FERREIRA  Nº 2324  LOJA A - BAIRRO COROADO;Manaus;AM;69082230;contabil.ems.am@gmail.com;1444-0924;9;19;2034
BRASIL;J. F. De Oliveira Navegação Ltda;22797070000155;Av. Presidente Kennedy nº 1850 - 2º andar - Bairro Colonia Oliveira Machado;Manaus;AM;69070625;dal@grupochibatao.com.br;0489-0512;5;10;2022
BRASIL;Combitrans Amazonas Ltda;5501594000138;Rua Ponta Grossa, nº 303 - Galpão A - Colônia Oliveira Machado;Manaus;AM;69074190;dener.guerra@combitrans.com.br;0756-0516;5;10;2026
BRASIL;Cnn - Cia Norte De Navegação;14160269000140;RUA DESEMBARGADOR CESAR REGO, Nº 850, SALA D - COLÔNIA ANTÔNIO ALEIXO;Manaus;AM;69008445;cnn@cnnnavegacao.com.br;1157-0421;4;26;2031
BRASIL;Center Cargo Manaus Transportes Internacionais Ltda Me;8208384000144;Travessa Dublin, nº 388, quadra 33 S 5 - Campos Eliseos;Manaus;AM;69045080;gilberto.alves@centercargocpg.com.br;0818-0117;1;23;2027
BRASIL;Bss Soluções Integradas Ltda - Me;10272172000178;Rua Epaminondas - nº 12 - conj.Shangrilar II - Parque 10 de novembro;Manaus;AM;69054691;bss@bss.srv.br;0309-1108;6;6;2033
BRASIL;Bss Soluções Integradas Ltda - Me;10272172000178;Rua Epaminondas - nº 12 - conj.Shangrilar II - Parque 10 de novembro;Manaus;AM;69054691; marcelosilva@bss.srv.br;0309-1108;6;6;2033
BRASIL;Bss Soluções Integradas Ltda - Me;10272172000178;Rua Epaminondas - nº 12 - conj.Shangrilar II - Parque 10 de novembro;Manaus;AM;69054691; itaelio@bss.srv.br;0309-1108;6;6;2033
BRASIL;Bl Logística E Serviços De Transporte Eireli;30406564000190; Av. Elias Ramiro Bentes, n.º 1385, Bairro: Monte das Oliveiras;Manaus;AM;69093102;bllogisticaeservicos@gmail.com;1121-1020;10;27;2030
BRASIL;B. V. Marques Epp;54661155000106;R DOUTOR GENTIL BITTECOURT 310 - ALVORADA II;Manaus;AM;69042120;operacionallogistica.am@gmail.com;1441-0824;8;28;2034
BRASIL;Arc Brasil Logistica E Representações Ltda;16851421000166;RUA QUEMM ODYSSEY Nº 48 - CONJ. CANARANAS - CIDADE NOVA;Manaus;AM;69097110;moises@arcbrasil.com.br;1283-0822;8;22;2032
BRASIL;Atlantis Da Amazonia Comércio Ltda;84502244000162;AV. ÁLVARO BOTELHO MAIA, Nº 2166, SALA 07 - ADRIANOPOLIS;Manaus;AM;69057035;graziella@atlantisdaamazonia.com.br;0543-0313;3;18;2023
BRASIL;Am Log Transportes Ltda - Me;9531610000196;R. Marechal Deodoro, nº 34 - Colônia Oliveira Machado;Manaus;AM;69070840;maria brito@amlog.srv.br;0467-1211;12;16;2021
BRASIL;Amazon Transportes Ltda;1661770000148;AV. ABIURANA Nº 1.474 - SALA 01 - DISTRITO INDUSTRIAL I;Manaus;AM;69075010;SANTIAGO@TRANSMAZON.COM.BR;1335-0323;3;10;2033
BRASIL;Amazonorte Cargas Express Ltda - Me;1741756000154;Av. Lourenço da Silva Braga, 100 – F – Centro;Manaus;AM;69020290;contato@amazonortecargas.com.br;0346-0909;4;8;2019
BRASIL;Agillog Transportes Multimodais Ltda,;19122124000178;Avenida Guaranás, Nº 53, Quadra 42, Conjunto Cidade Nova I - Cidade Nova;Manaus;AM;69090730;comercial@agillog.com.br;1410-0324;3;5;2034
BRASIL;Adukargo Transportes, Logística E Servicos De Armazens Gerais Ltda;8268378000182;Avenida Autaz Mirim nº1225 - Distrito Industrial I;Manaus;AM;69075155;"	juridico@aduana-dsp.com.br";1424-0624;6;4;2034
BRASIL;Af Logística Eireli;30416561000137;Av. Djalma Batista, nº 98 - Parque 10 de Novembro;Manaus;AM;69055038;tscontabilidadeltda@hotmail.com;0911-0718;7;24;2028
BRASIL;A Andrade Picao Epp;18624436000117;Rua Visconde de Ouro Preto, 17, Quadra  A11, Lote 17, Parque das Laranjeiras - Bairro Flores;Manaus;AM;69058080;eirucargo.adm@gmail.com;1078-0520;5;15;2030
BRASIL;Navegação Cidade Ltda;63698724000170;AV. GOVERNADOR JOSE LINDOSO Nº 2322 - MAZZARELO;Manicoré;AM;69280000;nc_cidade@hotmail.com;0428-0211;4;14;2031
BRASIL;A J S M Serviços Contábeis Ltda;22762223000129;RUA DOM JOÃO III, Nº 33 A - BRILHANTE;Tabatinga;AM;69640000;abmtbt@hotmail.com;1209-1221;12;9;2031
BRASIL;VAMIRO AVELINO DE PAIVA JUNIOR;29574206000107;RW - TABATINGA;Tabatinga;AM;69640000;paivatransporteseservicos@grupopaiva.com.br;1479-0325;3;21;2035
BRASIL;A.B Gomes Refrigeração;8174282000155;AV .CARLOS PEREIRA DE MELO Nº 2235 - BAIRRO - CAIMBÉ;Boa Vista;RR;69312212;azamorserrao@bol.com.br;1086-0620;6;29;2030
BRASIL;Xingu Transportes De Cargas Ltda-Me;10625216000104;RUA MANOEL UMBUZEIRO Nº 1754-B BAIRRO - CENTRO;Altamira;PA;68371180;XINGULOGTURISMO@YAHOO.COM.BR;0611-0314;3;10;2024
BRASIL;Wr Transportes E Servicos Ltda;8754934000120;AVENIDA PRINCIPAL (PASSAGEM BOM JESUS), Nº 63 A - CIDADE NOVA;Ananindeua;PA;67130000;contato@wrtransports.com.br;1179-0621;6;25;2031
BRASIL;Vs Logística E Transportes Ltda;34914283000107;RUA RICARDO BORGES Nº 328 - GUANABARA;Ananindeua;PA;67110290;antoni.soares@vslog.com.br;0628-0714;7;16;2024
BRASIL;Alcance Transportes Ltda;2149109000110;Rodovia BR 316, KM 6 - Coqueiro;Ananindeua;PA;67010000;bel-cml3@granero.com.br;0620-0614;6;5;2024
BRASIL;Ananin Cargo Logística Ltda - Epp;4696992000194;Rodovia BR 316, km 7, Terminal de Cargas. s/n, Módulo 6 B-C;Ananindeua;PA;67030000;ananintransportes@gmail.com;0771-0716;2;26;2036
BRASIL;H.F. Correia Transportes Epp;10711378000157;Estrada do Guajará, nº 11 - Coqueiro;Ananindeua;PA;67145470;amazon.cargas@yahoo.com.br;1087-0720;7;9;2030
BRASIL;Djm Pereira - Eireli;84201672000155;EST. DO CAIXA PARÁ, 120 - LEVILANDIA;Ananindeua;PA;67015520;djm@djmpereira.com.br;0354-1009;11;6;2029
BRASIL;Djm Transporte E Logística Ltda Me;12571101000100;Rua Distrito Industrial, nº 10 setor E e quadra 15 - lotes de 01 a 08 galpão B;Ananindeua;PA;67035330;cjsegtowich@hotmail.com;0810-1216;12;7;2026
BRASIL;Mauro F Lobato Ltda;39424302000122;AVENIDA GOVERNADOR HÉLIO DA MOTA GUEIROS, 2227 , QUARENTA HORAS (COQUEIRO);Ananindeua;PA;67120370;mauro.operacional@gmail.com;1425-0624;6;11;2034
BRASIL;Multipark Armazéns Gerais E Logística Ltda;22454868000102;Rodovia BR 316 Km 04 bloco E e F da Multipark Condomínio de Empresas - Guanabara;Ananindeua;PA;67110000;contato@grupomultipark.com.br;0807-1116;11;22;2026
BRASIL;Transamazônica Logística E Transportes Ltda;6063153000164;Av. Principal Pass Bom Jesus, 63 - Cidade Nova III;Ananindeua;PA;67130000; transamazonica@transamazonica.com.br;0355-1009;10;27;2019
BRASIL;Rodocymar Transportes Ltda - Epp;2763624000196;"Rodovia BR 316, km 7 - Terminal de Cargas - Módulo B-6 A"" - Centro""";Ananindeua;PA;67030000;rodocymar@gmail.com;0787-0816;8;2;2026
BRASIL;Ultracargo Vila Do Conde Logística Portuária S.A.;34130063000184;Rodovia PA 481, Km 2.3,  Porto de Vila do Conde, VDC12, Vila do Conde;Barcarena;PA;68447000;carlos.arruti@ultracargo.com.br;1360-0723;7;4;2033
BRASIL;Matapi Transporte Multimodal Ltda;21019319000139;ROD. PA 483 - S/N - KM 09 - VILA DE MURUCUPI;Barcarena;PA;68447000;PEDROBARBOSA67@GMAIL.COM;1341-0323;3;23;2033
BRASIL;Hidrovias Do Brasil - Vila Do Conde S.A.;13574672000152;Avenida Verde e Branco , s/n  - Itupanema;Barcarena;PA;68445000;juridico@hbsa.com.br;0986-0519;5;9;2029
BRASIL;Henvil Transportes Ltda.;83892117000154;TRAV. QUINTINO BOCAIÚVA, 2301, SALA 2101, CREMAÇÃO;Belém;PA;66045315;henvil.contabilidade@hotmail.com;0356-1009;10;27;2019
BRASIL;Ilza Leão Da Silva Cunha;22998059000153;Travessa Mauriti, nº 178 - sala 1 - Pedreira;Belém;PA;66083000;cunhaeleaocomercio@gmail.com;0765-0616;6;16;2026
BRASIL;J. Ribeiro Rosa Me;15573776000178;Rodovia Arthur Bernardes, km 14, nº 9220 - Tapana;Belém;PA;66825000;jacob@rodonortecargas.com.br;0671-0415;4;29;2025
BRASIL;Karina Maria De M. Antunes Da Silva Cunha Transportes E Logística - Eireli;39613354000147;TRAVESSA MAURITI Nº 178 B - TELEGRAFO SEM FIO;Belém;PA;66083000;jmantunesexpress@gmail.com;1193-1021;10;4;2031
BRASIL;L H P Reis Ltda;18404639000106;PASSAGEM UBERABA, Nº 280, QD. D, LT 110 GALPAO, BAIRRO TAPANA (ICOARACI);Belém;PA;66825020;lhpaivareis@gmail.com;1463-1224;12;30;2034
BRASIL;Diviplan Serviços De Entrega, Transportes E Logística Ltda - Me;8851807000140;Av. Doutor Freitas nº 854 sala A - Marco;Belém;PA;66087810;gerenciadivilog@gmail.com;0610-0214;2;20;2024
BRASIL;Estaleiros Padre Julião Ltda;5442439000198;Rua Arthur Bernardes, nº 351 - Telégrafo;Belém;PA;66115000;rrebello@amazondryport.com.br;0211-1106;11;28;2026
BRASIL;Belnave Rodofluvial E Logística Ltda;34889477000191;Furo do Pinheiro, s/n - Loteamento Jardim Paissanremo - Bairro Icoaraci;Belém;PA;66813250;edgar@unirios.com.br;0715-1015;10;8;2025
BRASIL;Cosmo Logistica E Servicos Portuarios Eireli;19667688000196;R MUNICIPALIDADE, Nº 985, SL 2115 - EDIF. MIRAI OFFICE - UMARIZAL;Belém;PA;66050350;alberto@cosmolog.com.br;1262-0522;5;26;2032
BRASIL;MARCELA MARTINEZ PIMENTEL;7026812000155;Travessa Dr. Eneas Pinheiro, n° 1018  ;Belém;PA;66083158;fiscal@conceitocontab.com.br;0171-0206;7;1;2026
BRASIL;MARCELA MARTINEZ PIMENTEL;7026812000155;Travessa Dr. Eneas Pinheiro, n° 1018  ;Belém;PA;66083158;escritorio_tim@hotmail.com;0171-0206;7;1;2026
BRASIL;Marajó Locação E Serviços Ltda-Me;63859961000176;TV. APINAGES Nº 1340-B - CONDOR;Belém;PA;66045110;financeiro2@marajoveiculos.com.br;0594-1113;11;14;2023
BRASIL;Msr Transportes De Cargas E Encomendas Ltda - Epp;2531528000112;Avenida Romulo Maioranam nº 1149;Belém;PA;66093005;diretor@msrtransportes.com.br;0757-0516;5;10;2026
BRASIL;M & M Andrade Transportes Ltda - Epp;9295550000150;Av. 25 de Setembro, nº 386 - Marco;Belém;PA;66093005;andrade@expressoandrade.com;0777-0716;7;20;2026
BRASIL;Musan Mudanças Ltda - Epp;83671602000106;Passagem Gestão, nº 379 - Sacramenta;Belém;PA;66120310;demamatos@hotmail.com;0860-0917;9;29;2027
BRASIL;N L Transporte Multimodal Ltda;7702708000133;RODOVIA BR ARTHUR BERNARDES Nº 5885 - KM 14 - TAPANÃ;Belém;PA;66825000;GIANFB@LINAVE.COM.BR;1100-0820;8;5;2030
BRASIL;Norte Log Ltda.;13861254000146;Estrada do Outeiro, s/nº, Setor A,Quadra 01, Lotes 4 e 5 - Campina de Icoaraci;Belém;PA;66813250;assessoria.bel@norteloglogistica.com.br;0500-0812;8;12;2032
BRASIL;P.C. Musam Logística Eireli;28205654000170;Avenida Bernardo Sayão, nº 3224, box 1 - Condor;Belém;PA;66033192;musamlog@gmail.com;0854-0817;8;22;2027
BRASIL;Rio Matapi Navegação Ltda;14494538000104;DISTRITO INDUSTRIAL DE ICOARACI - ESTRADA DA MARACACUERA S/N - KM 5 -;Belém;PA;66815140;SERVIMPE@TERRA.COM.BR;0545-0313;3;1;2023
BRASIL;Unirios Rodofluvial E Logística Ltda;83346932000118;Furo do Pinheiro, S/N, Loteamento Jardim Paissanremo - Distrito de Icoaraci;Belém;PA;66813250;edgar@unirios.com.br;0609-0214;2;20;2024
BRASIL;Transtemy Navegação E Logística Tnl Ltda;53542601000192;Av. Pedro Álvares Cabral, 1323 – Umarizal;Belém;PA;66050400;secretaria@gruposanave.com.br;0329-0309;3;11;2019
BRASIL;Vale & Vale Serviços De Agenciamento De Cargas Ltda - Epp;19255079000120;TV Altamira nº 3271, Sala A, Cj. Bela Vista - Vale Cães;Belém;PA;66617130;ivanetevale.fernet@hotmail.com;0601-0114;1;24;2024
BRASIL;Trans-Aires Logística Ltda;3419290000109;Estrada da Maracacuera, lotes 10, 11 e 12, quadra 01, setor A -  Distrito Industrial de Icoaraci;Belém;PA;66815520;nelson.aires@majonav.com.br;1140-0121;1;18;2031
BRASIL;Rodobelém Transportes Ltda;5573324000132;TRAVESSA MAURITI Nº 178  - PEDREIRA;Belém;PA;66240000;RODOBELEM@HOTMAIL.COM;0436-0511;5;11;2021
BRASIL;Sabino De Oliveira Comércio E Navegação S.A;4872156000113;AV. PEDRO ALVARES CABRAL Nº 1.323 - TELEGRAFO;Belém;PA;66050400;ajuridica@gruposanave.com.br;0584-0913;9;19;2023
BRASIL;Techlog - Transporte Rodoviário De Carga E Mudança Ltda - Me;14545655000150;PASSAGEM COMERCIÁRIOS, Nº 9 - COQUEIRO;Belém;PA;66650550;techlogtransporte@hotmail.com;0606-0214;2;4;2024
BRASIL;T DE S M MATOS - LTDA;20601574000122;Travessa Padre Eutíquio, 2911,;Belém;PA;66045225;TM.LOG@BOL.COM.BR;0642-1014;5;26;2036
BRASIL;T DE S M MATOS - LTDA;20601574000122;Travessa Padre Eutíquio, 2911,;Belém;PA;66045225;tmlog.br@gmail.com;0642-1014;5;26;2036
BRASIL;World Log Transportes Ltda - Me;34931097000178;Estrada do Outeiro, s/n - setor A - Qd 01 - Lotes 4 e 5 - Campina;Belém;PA;66813250;geral@worldlogistica.com.br;0654-1214;12;23;2024
BRASIL;ECM TRANSPORTES, COMÉRCIO E SERVIÇOS LTDA;59928082000181;PASSAGEM GASTÃO, Nº 379 B;Belém;PA;66120310;ecmtransportesmultimodal@gmail.com;1541-0526;5;26;2036
BRASIL;Train Transportes Inteligentes Ltda - Me;3415854000127;Rodovia BR 316, Km 23/24 - Condomínio Alianza Park B - Campestre;Benevides;PA;68795000;matriz@transglobal.com.br;0815-1216;12;16;2026
BRASIL;Transglobal Norte Transportes Ltda;83325670000105;Rodovia BR 316, Km 23/24, s/nº - galpão 2 - Condomínio Alianza Park - Campestre;Benevides;PA;68795000;matriz@transglobal.com.br;0012-0305;2;4;2025
BRASIL;Transportes Magalhães Benevides Ltda;5911869000101;TV PRIMEIRA, ESTRADA DE NEOPOLIS, S/N, GALPAO B - CANUTAMA;Benevides;PA;68795000;contabil@transmagalhaes.com.br;1401-0124;1;17;2034
BRASIL;Magalhães Logística Ltda;9230232000100;ROD. BR 316 Nº 03 KM 22 - CANUTAMA;Benevides;PA;68795000;CARLA@TRANSMAGALHAES.COM.BR;1001-0719;7;10;2029
BRASIL;Mandacaru Logistica Ltda;42734113000160;RUA PROFESSORA LAURENTINA RAMOS, Nº 107, SALA 02, CENTRO;Benevides;PA;68795000;bel-adm3@granero.com.br;1204-1121;11;23;2031
BRASIL;Manoel Junior Cunha Transportes Eireli;24711550000187;Rua Justo Chermont, nº 495 - anexo 1 - Centro;Bragança;PA;68600000;bragancaexpress1@gmail.com;0780-0716;7;22;2026
BRASIL;Trans Cristal Transportes E Representações Ltda;4051084000143;Avenida Presidente Vargas nº 80 Bairro Cristo Redentor;Castanhal;PA;68741000;transcristalltda@yahoo.com.br;0513-0912;9;5;2022
BRASIL;Ativos Transportes E Logistica Ltda;45563971000188;TV CONEGO LUIS LEITAO, Nº 1975 - BOX A - PIRAPORA;Castanhal;PA;68740120;ativostransportes@gmail.com;1274-0722;7;7;2032
BRASIL;A C Taveira & Cia Ltda;7919228000129;Trav. 1º de Maio, nº 2035, Altos, sala B - Nova olinda;Castanhal;PA;66743040;taveira@expressotaveira.com.br;0778-0716;7;20;2026
BRASIL;Vbs Empreendimentos Ltda;42899374000130;RUA ANTAO FERREIRA DO VALLE, S/N, BELA VISTA,Nº 352;Itaituba;PA;68180460;SOUZABEZERRAVITOR@GMAIL.COM;1337-0323;3;13;2033
BRASIL;R&J Campos Serviços Ltda;10447760000103;RUA NOSSA SENHORA DO BOM REMÉDIO Nº 948 - BELA VISTA;Itaituba;PA;68180380;floraagro@hotmail.com;1340-0323;3;22;2033
BRASIL;Am & Am Transportes Ltda;10266214000168;QUADRA QUINZE - FOLHA 30 - S/N - LOTE 07 - SALA F - NOVA MARABÁ;Marabá;PA;68507445;BRAZMENEZES@GRANERO.COM.BR;1101-0820;8;5;2030
BRASIL;Norte Brasil Logística Ltda;10889552000156;R DEZENOVE DE JULHO, N° 19, URIBOCA;Marituba;PA;67202520;qualidade@nbllog.com.br?;1472-0225;2;18;2035
BRASIL;M. C. Transportes E Locações De Serviços Ltda;30523189000168;Rua J2, S/N, Quadra 275, Lote 46, 6 Etapa - Cidade Jardim;Parauapebas;PA;68515000;marceloanjos2010@hotmail.com;1338-0323;3;14;2033
BRASIL;Borges & Silva Construção Civil E Eletrica Ltda;22921069000190;TV MORAES SARMENTO 782 - SANTA CLARA;Santarém;PA;68005360;advmarkao@gmail.com;1226-0222;2;15;2032
BRASIL;Cianport - Cia Norte De Navegação E Portos;14789807000160;Rua Claudio Lucio Monteiro - nº 1380 - Novo Horizonte;Santana;AP;68926000;rafael.esteves@cianport.com.br;1122-1120;11;11;2030
BRASIL;Atual Cargas Transportes Ltda;8848231000161;TO-050, KM 4, SALA 01 -  ZONA RURAL;Palmas;TO;77064596;gleyson.faria@atualcargas.com.br;0971-0119;1;21;2029
BRASIL;Asa Log Transporte E Logistica Ltda - Me;10807984000170;QUADRA 104 NORTE  - RUA-NE 11 - Nº 46 - LOTE 41 - SALA 04A - PLANO DIRETOR NORTE;Palmas;TO;77006030;ADM@GRUPOCONEXAO.COM.BR;0630-0714;7;16;2024
BRASIL;Cargopag Transportes Ltda;35845185000110;Via de acesso A Emiliano Macieira/Acesso a BR 135, nº 100, loja 12 - Vila Maranhão;São Luís;MA;65091320;cargopagotm@gmail.com;1105-0820;8;20;2030
BRASIL;Entrega Ja Logistica E Servicos Eireli;27069620000133;AV SANTOS DUMONT, N° 66, LOJA 01 - ANIL;São Luís;MA;65046660;parafiscal03@gmcontabil.cnt.br;1268-0622;6;22;2032
BRASIL;D I Logística Eireli;26135158000162;AV. BR 135 / ENGENHEIRO EMILIANO MACIEIRA, Nº 2020, KM 12 - RIO GRANDE;São Luís;MA;65095603;murillo@dilogistica.com;1211-1221;12;16;2031
BRASIL;Intrading Global Ltda;24520612000173;AV. COLARES MOREIRA - QUADRA 32, LOTE 03-A. S/N - 12 E 13 - RENASCENÇA II;São Luís;MA;65075441;WANDERSON.MENDES@INTRADINGGLOBAL.COM;1010-0819;8;16;2029
BRASIL;R V De Sousa Junior Transportes Ltda;38227540000185;VIA DE ACESSO À BR 135, AVENIDA EMILIANO MACIEIRA, Nº 1001, SALA 06 -  VILA MARANHÃO;São Luís;MA;65091320;RONALDOVIEIRAVICE@GMAIL.COM;1322-0123;1;30;2033
BRASIL;Transulog Logística E Transporte Ltda;10268661000156;Av. Engenheiro Emiliano Macieira, 2000 - Maracanã;São Luís;MA;65095602;bene@transultransporte.com.br;0353-1009;3;9;2019
BRASIL;Tsf Transporte E Locação Eireli - Me;13437830000122;Av. Engenheiro Emiliano Macieira, nº 215, Km 06, sala 16 A - Maracanã;São Luís;MA;65095602;ivanira@transultratransporte.com.br;0883-0218;2;2;2028
BRASIL;Transportadora Rodonorte Ltda;1343157000182;AV. ENGENHEIRO EMILIANO MACIEIRA, N 2000, COMP: G RODOVIA BR 135 - MARACANA;São Luís;MA;65095602;ivanira@transultransporte.com.br;0879-0118;1;2;2028
BRASIL;Logicfull Transporte Multimodal Ltda;42375391000179;RUA SERGIPE, Nº 814, SALA 2 - PIRAJA;Teresina;PI;64003720;mario@mearimmotos.com.br;1237-0322;3;30;2032
BRASIL;Jlm De Almeida - Epp;86960721000169;AV. CENTENÁRIO Nº 1712. BAIRRO - AEROPORTO;Teresina;PI;64003700;gustavoskiadv@outlook.com;1103-0820;8;7;2030
BRASIL;Transrápido Logística Ltda Me;6135590000146;TV. INTENDENTE BERNADINO PROENÇA, 592 -  BAIRRO CENTRO;Baturité;CE;62760000;cidagomesassis@bol.com.br;1026-1019;10;8;2029
BRASIL;Tb Transportes Ltda;14233397000176;Rua Antero da Costa Gadelha, 10 - Genipapo;Caucaia;CE;61616025;diretoria@tbtransportes.srv.br;0820-0117;1;23;2027
BRASIL;Tmc - Terminal Multimodal De Cargas E Beneficiamento De Coque Ltda;22712188000133;Rod. CE 422, km 17, s/nº - Sítio Salgado;Caucaia;CE;61600970;GERENTEFINANCEIRO@TBTRANSPORTES.SRV.BR;0945-1018;10;19;2028
BRASIL;C C G DE M TELES DE QUENTAL LTDA;16747315000137;Sítio Paraíso, nº 90 ;Crato;CE;63138000;financeiro@ccglog.com.br;1530-0226;2;26;2036
BRASIL;C C G DE M TELES DE QUENTAL LTDA;16747315000137;Sítio Paraíso, nº 90 ;Crato;CE;63138000;faturamento@ccglog.com.br;1530-0226;2;26;2036
BRASIL;B M Locação E Logística Eireli;34314607000168;R. IRMA AMBROSINA Nº 115 - SALA 02  ALTOS - CENTRO;Eusébio;CE;61760000;COPRAL@COPRAL.COM.BR;1139-0121;1;18;2031
BRASIL;Benel Transportes E Logistica Ltda;43332756000140;R VICENTE LINHARES, nº 500, SL. 1402 - ALDEOTA;Fortaleza;CE;60135270;beneltransporte@gmail.com;1277-0822;8;5;2032
BRASIL;Blt Logística Eireli;23068420000105;RUA SANTA CATARINA 437 - PAN AMERICANO;Fortaleza;CE;60440125;kamila@bltagua.com;1149-0321;3;23;2031
BRASIL;Ar E Mar Assessoria Aduaneira E Logística Internacional Ltda - Me;14883222000104;Rua Osvaldo Cruz, nº 1 - sala 409 - Meireles;Fortaleza;CE;60125150;atendimento@aremarcomex.com.br;0750-0416;4;13;2026
BRASIL;Carlos Alberto Aguiar Gouveia;34760846000141;AV SANTOS DUMONT, Nº 2789, SALA 807 - ALDEOTA;Fortaleza;CE;60150165;carlos@cgcomex.com.br;1248-0522;5;5;2032
BRASIL;Confiança Mudança E Transportes Ltda;7223878000135;AV. LUCIANO CARNEIRO, 2255 - A  - BAIRRO VILA UNIÃO;Fortaleza;CE;60410691;decad@confiancabr.com.br;0398-0710;7;26;2020
BRASIL;Cti - Ceará Transportes Internacionais Ltda - Epp;7342331000159;Avenida Desembargador Moreira, nº 2800 salas 603 a 606;Fortaleza;CE;60170172;project@cticargo.com.br;0695-0715;7;29;2025
BRASIL;Hs Comércio E Logística Eireli;10943676000172;RUA OSVALDO CRUZ Nº 01, SALA 301, 3º ANDAR, EDIFÍCIO BEIRA MAR TRADE CENTER - MEIRELES;Fortaleza;CE;60125150;heverson@hstrade.com.br;0504-0812;8;30;2022
BRASIL;Guanabara Express Transporte De Cargas Ltda;8707061000103;Rod. BR 116 - Km 06, nº 2001 - Parque Iracema;Fortaleza;CE;60824115;contabilidade@guanabaraexpress.com.br;0939-0918;9;21;2028
BRASIL;Ftl - Ferrovia Transnordestina Logística S.A.;17234244000131;AV. FRANCISCO SÁ Nº 4829 - ÁLVARO WEYNE;Fortaleza;CE;60335195;ricardo.fernandes@tlsa.com.br;0597-1213;12;16;2023
BRASIL;Tmn - Terminal Multimodal Do Nordeste;24915385000185;Av. Santos Dumont, nº 2828, sala 1506;Fortaleza;CE;60150161;msalazar@tmnordeste.com.br;0831-0417;4;28;2027
BRASIL;Termaco - Terminais Marítimos De Containers E Serviços Acessórios Ltda;11552312000124;Rodovia BR 116, km 4, nº 7250 - Cajazeiras;Fortaleza;CE;60864012;edvar@termaco.com.br;0789-0816;8;2;2026
BRASIL;T M Cargas Aéreas E Logistica Ltda;1491071000105;RUA PERDIGÃO DE OLIVEIRA, Nº 151, LOJA C - PARANGABA;Fortaleza;CE;60720570;tmcargas@tmcargas.com.br;1395-0124;1;9;2034
BRASIL;Univans Mudanças E Transportes Eirelli-Epp;14839501000170;RUA LIVREIRO GUALTER Nº 589 - VILA UNIÃO;Fortaleza;CE;60420130;decad@confiancabr.com.br;0576-0813;8;14;2023
BRASIL;Transbet Transporte E Logística Ltda;7370836000127;RUA VICENTE LINHARES Nº 500 - SALA 1305 - BAIRRO ALDEOTA;Fortaleza;CE;60135270;comercial@transbet.com.br;1168-0621;6;14;2031
BRASIL;LDI LOGISTICS LTDA;18754563000130;Avenida 13 de maio, 1096, sala 501,  bairro Fátima,;Fortaleza;CE;60040530;OPS@LDI-LOGISTICS.COM;1438-0824;8;16;2034
BRASIL;FORTAL LOG TRANSPORTES E SERVIÇOS LOGISTICOS LTDA;15521992000170;RUA MANOEL RODRIGUES, Nº 631;Fortaleza;CE;60861015;zakaria@fortallog.com.br;1514-0925;9;9;2035
BRASIL;FORTAL LOG TRANSPORTES E SERVIÇOS LOGISTICOS LTDA;15521992000170;RUA MANOEL RODRIGUES, Nº 631;Fortaleza;CE;60861015;marcos.masullo@fortallog.com.br;1514-0925;9;9;2035
BRASIL;Importcargo Multimodal Ltda;60741953000132;Avenida Pontes Vieira, nº 2340, Sala 508;Fortaleza;CE;60135238;marcelo@importcargo.com.br;1503-0625;6;18;2035
BRASIL;ACCESS GLOBAL CHARTERING E TRANSPORTES LTDA;60118390000120;AVENIDA WASHINGTON SOARES, N 55;Fortaleza;CE;60811341;G.MARTENDAL@ACCESSLOGISTICS.COM.BR;1507-0725;7;10;2035
BRASIL;Vip Transporte De Cargas Ltda;5996122000101;Rua Cônego Lima Sucupira, 1275 - Serrinha;Fortaleza;CE;60741255;ronaldo@vipcargasaereas.com.br;1131-1220;12;14;2030
BRASIL;TM EXPERT TRANSPORTE AEREO LTDA;51476295000108;Avenida do Anjos nº 1417, lj 01 e 02;Fortaleza;CE;60720605;tmcargas@tmcargas.com.br;1484-0325;3;31;2035
BRASIL;Skymar Logistics Ltda;24910092000105;Av. Presidente Castelo Branco, nº 1940, galpão A, sala 1 - Catole;Horizonte;CE;62880970;jorge.santos@ecxglobal.com.br;0823-0117;1;25;2027
BRASIL;Copral Comércio E Navegação Ltda;7269707000147;VIA DE LIGAÇÃO 3, 331 - DISTRITO INDUSTRIAL III;Maracanaú;CE;61931060;rosanne@copral.com.br;1125-1120;11;13;2030
BRASIL;Braslog Transporte E Logistica Ltda;35285220000193;BR 304, KM 301, Nº 1000 - DISTRITO INDUSTRIAL 1, LOTEAMENTO 9914.0012.6223, SETOR 4;Macaíba;RN;59280000;comercial@brasloger.com.br;0983-0519;5;8;2029
BRASIL;L’Auto Cargo Transporte Rodoviário S/A;7189259000171;RUA ALDO DE MELO FREIRE,1675 - CAPIM MACIO;Natal;RN;59082030;contabilidade@lauto.com.br;0349-1009;5;18;2033
BRASIL;Rtx Logistics, Consulting, Transport & Projects Ltda;14532265000145;Rua Canopus,;Parnamirim;RN;59158775;comercial@rtxlogistics.com;0470-0112;12;12;2032
BRASIL;Rtx Logistics, Consulting, Transport & Projects Ltda;14532265000145;Rua Canopus,;Parnamirim;RN;59158775;adminrtxlogistics@hotmail.com;0470-0112;12;12;2032
BRASIL;Rtx Transportes & Logística Ltda - Me;7543365000101;RUA DOS JURITÍS, Nº 13B, SALA 01, NOVA PARNAMIRIM;Parnamirim;RN;59150210;comercial@rtxlogistics.com;1279-0822;8;18;2032
BRASIL;Transportes Novo Nordeste Ltda;8025389000131;AVENIDA PILOTO PEREIRA TIM, 1890, PARQUE DE EXPOSIÇÕES;Parnamirim;RN;59146480;segundo@novonordeste.com.br;1018-0919;9;23;2029
BRASIL;Transunião Transportadores Ltda;9322371000164;AV. ASSIS CHATEAUBRIAND, Nº 3877, SALA 02 - DISTRITO INDUSTRIAL;Campina Grande;PB;58411450;rmendes@bentonit.com.br;1174-0621;6;24;2031
BRASIL;Transpinheiro Transportes Ltda;5990052000176;AV. PREF. PEDRO EULAMPIO DA SILVA, 3241, BAIRRO SÃO JOÃO;São Bento;PB;58865000;transpinheiro.pb@gmail.com;1034-1219;12;27;2029
BRASIL;ALÉM-MAR TRANSPORTES E NAVEGAÇÃO LTDA;7995104000122;Rua Nice Cordeiro, nº 01;Fernando de Noronha;PE;53990000;pedro@alemmartransportes.com.br;1515-0925;9;25;2035
BRASIL;Andaluz Logística E Transportes Ltda;6101470000128;RODOVIA PE 60, KM 10, S/N  - COMPLEXO INDUSTRIAL PORTUARIO SUAPE;Ipojuca;PE;55590000;eduardo@andaluztransportes.com.br;0603-0114;1;24;2024
BRASIL;Ciat - Centro Integrado De Armazenagem E Transporte Ltda;14408651000120;RUA REPÚBLICA ESLOVACA, 1121 - MURIBECA;Jaboatão dos Guararapes;PE;54350195;comercial@ciatlogistica.com.br;1014-0919;9;5;2029
BRASIL;Store Logística E Armazéns Gerais Ltda;12917053000150;RUA  RIACHÃO, 807,  GALPÃO A, MÓDULO 9 - MURIBECA;Jaboatão dos Guararapes;PE;54355057;comercial@brasmundi.com.br;1071-0420;4;17;2030
BRASIL;Store Logística E Armazéns Gerais Ltda;12917053000150;RUA  RIACHÃO, 807,  GALPÃO A, MÓDULO 9 - MURIBECA;Jaboatão dos Guararapes;PE;54355057; alexandre@brasmundi.com.br;1071-0420;4;17;2030
BRASIL;Progresso Logística E Transporte Ltda;10580938000181;RUA OITENTA, Nº 100, QUADRA B, LOTE 01, ÁREA 08 - CURADO;Jaboatão dos Guararapes;PE;54270165;secretaria@adtsa.com.br;1323-0123;1;30;2033
BRASIL;Msn Transporte Rodoviario E Logistica Ltda;17085624000151;AVENIDA BERNARDO VIEIRA DE MELO, Nº 3462, SALA 1302 - PIEDADE;Jaboatão dos Guararapes;PE;54420010;marcone@hmlog.com.br;1184-0721;7;26;2031
BRASIL;Universo Empreendimentos Eireli;3446513000119;RUA BARÃO DE SÃO BORJA, 493 - JARDIM FRAGOSO;Olinda;PE;53130000;orcamento@universoempreendimentos.com;1270-0622;6;22;2032
BRASIL;União Multimodal Otm Ltda;2359445000198;Rua Visconde de Jequitinhonha, nº 209 - sala 503;Recife;PE;51021190;f.novais@uniaomultimodal.com.br;0752-0516;5;10;2026
BRASIL;Transagil Transportes De Carga Ltda.;7199061000179;R CORONEL ANIZIO RODRIGUES COELHO 464 - SALA 0102;Recife;PE;51021130;laercioneto@grupolos.com.br;1405-0224;2;5;2034
BRASIL;Souza Comércio Transportes E Serviços Eireli - Epp;8985178000140;Avenida Visconde de São Leopoldo, nº 748 - Engenho do Melo;Recife;PE;50730120;coordenacao@souzatransporte.com;0712-0915;9;22;2025
BRASIL;Ômega Comércio Exterior Eireli;29220783000109;Av. Antônio de Goes, 275, sala 2002, Edf. Internacional Trade Center - Pina;Recife;PE;51110000;luiz@omegacomercioexterior.com.br;1307-1022;10;20;2032
BRASIL;Rn Transporte Rodoviario E Logistica Integrada Ltda;35270346000194;AV GAL MAC ARTHUR, 418 SALA 104 - IMBIRIBEIRA;Recife;PE;51160280;ademir@titaniumlog.com.br;1267-0622;6;21;2032
BRASIL;Rapidão 7 Logística E Transporte S/A;10970887000102;Av. Engenheiro Antônio de Góes, nº 60, sala 1.605 - Pina;Recife;PE;51110000;gadotti@rapidaocometa.com.br;0106-0805;8;18;2015
BRASIL;Lsa Transportes Especializados Ltda;1537428000130;Rua Rio Araguaia nº 206 A - Afogados;Recife;PE;50750050;;0529-1112;11;7;2022
BRASIL;Mota Logistica E Transporte Ltda;21765067000197;AV MAL. JUAREZ TÁVORA, 440 - SL9 - BOA VIAGEM;Recife;PE;51130115;joao.mota@ativacargo.com;1215-1221;12;27;2031
BRASIL;Ampla Logística Ltda;29219812000104;Rua Jornalista Edson Regis, 456, Galpão 04 - Ibura;Recife;PE;51220000;MILCA@AMPLALOGISTICA.COM.BR;1445-0924;9;19;2034
BRASIL;Agemar Transportes E Empreendimentos Ltda;8745465000183;AVENIDA RIO BRANCO Nº 243  - 2º ANDAR;Recife;PE;50030310;AGEMAR@AGEMAR.COM.BR;1376-0923;9;15;2033
BRASIL;Atlantis Logística Importadora E Exportadora Ltda;7775361000159;Rua Antônio Lumack do Monte, nº 128, Sala 406 - Boa Viagem;Recife;PE;51020350;logistica@atlantislog.com.br;0627-0714;7;16;2024
BRASIL;Emmanuel A. Da S. Ramalho Transportes - Me;24718688000108;Rua Tenente Portela, nº 165 - Ibura;Recife;PE;51190740;emmanuelramalho@sitlog.com.br;0958-1218;12;10;2028
BRASIL;Itaguary Agenciamento E Transporte De Cargas Ltda;69907541000102;Rua Pintor Lula Cardoso Ayres, 3196;Recife;PE;51200250;neemias.franca@itaguary.com.br;0984-0519;5;9;2029
BRASIL;ENGEMAN MANUTENCAO DE EQUIPAMENTOS COM E INDUSTRIA LTDA;8769549000157;RUA PADRE CARAPUCEIRO;Recife;PE;51020280;junior.beltrao@engeman.net;1522-1125;11;18;2035
BRASIL;Last Mile Logística Ltda;35364161000149;Rua Dom Bosco, 537, Sala 13;Aracaju;SE;49052140;RONTNETO@GMAIL.COM;1469-0225;2;12;2035
BRASIL;Real Distribuidora Ltda;4633195000168;Avenida Presidente Tancredo Neves, nº 4913 Jabotiana Galpão 31 e 32;Aracaju;SE;49095000;viviane@realdistribuidora.com;0550-0313;3;8;2023
BRASIL;Empresa De Transportes E Logística Paraná Ltda;16066888000103;Via Parafuso, Km 13 e 14 - Bairro Industrial Urbano;Camaçari;BA;42800970;qualidade@etp-transparana.com.br;0863-1017;10;5;2027
BRASIL;RELIMPP SERVIÇOS INDUSTRIAIS LTDA;9070341000108;RUA JOSE FLORIANO LAGO,;Catu;BA;48110000;comercial@relimpp.com.br;1527-0226;2;20;2036
BRASIL;Nacional Transportes E Atacado De Alimentos Ltda;7377407000181;Praça Vereador José Adry, nº 26 , sala 01 - Centro;Itajuípe;BA;45600201;nacional.adm1@gmail.com;0934-0918;9;12;2028
BRASIL;Raidex Express Transportes Ltda;29763291000151;RUA BURITIRAMA 88 - QUADRA 28 - LOTE 09 - RECREIO IPITANGA;Lauro de Freitas;BA;42700540;GERENCIA@GRAOSCONSULTORIA.COM;1347-0523;5;2;2033
BRASIL;ALFATRANS TRANSPORTES E LOGISTICA LTDA;13441729000145;Rua G, SN;Luís Eduardo Magalhães;BA;47850000;financeiro@alfatrans.com.br;1516-0925;9;29;2035
BRASIL;Ls Transportes Ltda Me;21190096000178;Caminho 9, nº 07, bairro URBIS;Ruy Barbosa;BA;46800000;santanatransportesltda@hotmail.com;0714-0915;9;22;2025
BRASIL;Logmaster Logística Integrada Ltda Me;8301904000169;RUA VARSÓVIA, Nº 122, GALPÃO A, GRANJAS RURAIS PRESIDENTE VARGAS;Salvador;BA;41230025;lucianocandemil@australlogistica.com.br;0569-0813;8;1;2023
BRASIL;Rafer - Transporte Rodoviário De Cargas Ltda;16314791000164;Rua Silveira Martins nº 17, térreo - Saboeiro;Salvador;BA;41180005;bartolomeu.sousa@rafertransporte.com.br;0464-1111;11;29;2021
BRASIL;Pronto Express Logística S.A.;3867580000107;Estrada Campinas Pirajá, nº 1068,  Edifício Centro Logístico MJA, Galpão 11 - Marechal Rondon;Salvador;BA;41280117;fiscal@grupotpc.com;0552-0313;1;27;2033
BRASIL;Premier Logistics Assessoria Em Comércio Exterior Ltda -Me;10592109000119;Av. Luis Viana, nº 6462, sala 425/426 - Ed. Wall Street - Torre A;Salvador;BA;41730101;marcos.sales@premierlog.com.br;0907-0718;7;5;2028
BRASIL;Podium Distribuidora Eireli;11258473000100;RUA ANTÔNIO DOS SANTOS GOUVEIA Nº 263 -  PORTO SECO PIRAJÁ;Salvador;BA;41233020;podiumpdl@gmail.com;1073-0420;4;17;2030
BRASIL;Tmar Transportes Ltda - Me;9652056000103;AV. ANTONIO CARLOS MAGALHÃES, Nº 3.259, EDFÍCIO AURELIO LEIRO, SALA 208;Salvador;BA;40275000;caitano@tmartransportes.com.br;0580-0913;9;10;2023
BRASIL;Rodoviário Ramos Ltda;25100223000151;ROD. BR 324 KM 7,5 BAIRRO PIRAJA;Salvador;BA;41305280;fiscalbrasil@ramos.srv.br;0495-0512;5;31;2022
BRASIL;Transpmar Serviços De Apoio Marítmo Ltda;22625698000173;RUA DO TANQUE - S/Nº - TERREO - ILHA DE BOM JESUS;Salvador;BA;42510220;EMPRESATRANSPMAR@GMAIL.COM;1057-0320;3;4;2030
BRASIL;Transpmar Serviços De Apoio Marítmo Ltda;22625698000173;RUA DO TANQUE - S/Nº - TERREO - ILHA DE BOM JESUS;Salvador;BA;42510220; JACIBEZERRA472@GMAIL.COM;1057-0320;3;4;2030
BRASIL;Easy Way Agenciamento De Cargas Internacionais Ltda;23909392000101;AV. LUÍS VIANA FILHA Nº 6.462 - TORRE A - SALAS 503/504/505 - PARALELA;Salvador;BA;41730101;SARA.CALAZANS@EASYWAYCARGAS.COM;1449-1024;10;7;2034
BRASIL;Four Ways Transportes Ltda;42994724000148;AV. TANCREDO NEVES Nº 1.543 - SALA 903 - ED. CENTRO COMERCIAL GARCIA DÁVILA;Salvador;BA;41820021;OPERACIONAL@FOURWAYS.COM.BR;1382-1023;10;26;2033
BRASIL;Intermaritima Terminais Ltda;96825575000112;Av. Engenheiro Oscar Pontes, S/N, Água de Meninos, Porto de Salvador.;Salvador;BA;40460130;railton@intermaritima.com.br;0158-1205;12;28;2015
BRASIL;Hjl Serviços Logísticos Ltda - Epp;17327576000160;Rua São Francisco, S/n Lote 53, Galpão 2 - Valéria;Salvador;BA;41301520;administrativo@hjllog.com.br;0593-1113;11;11;2023
BRASIL;Global Ship Service Eireli;9444141000178;AV. TANCREDO NEVES, Nº 274, BLOCO A, SALA 734-A - CAMINHO DAS ÁRVORES;Salvador;BA;41820020;adm@globalship.com.br;1130-1220;12;14;2030
BRASIL;Brandão Courier Transportes E Kaizen Ensinar Ltda Me;15565840000179;Rua Thomaz Gonzaga, nº 115, sala 206 - Edifício Três Nações;Salvador;BA;41100000;brandao.frankle@gmail.com;0676-0515;5;12;2025
BRASIL;Ccmt Serviços Eireli;24717921000138;AVENIDA LUIS VIANA FILHO, Nº 12, LOJA 01 - PARALELA;Salvador;BA;41730101;nelcri1@hotmail.com;1187-0821;8;4;2031
BRASIL;Wlsp Logística E Construção Eireli;12900846000167;Est. da Liberdade, nº 33. lj 02, térreo - Liberdade;Salvador;BA;40375017;wlspltda@gmail.com;0932-0918;9;12;2028
BRASIL;G3 Polaris Serviços Eireli;20155999000155;Rua do DNER, km 22 - Centro;Simões Filho;BA;43700000;g3polaris@gmail.com;0933-0918;9;12;2028
BRASIL;José Rubem Transportes E Equipamentos Ltda.;32625733000108;Via Centro, 3644 - Cia - Caixa Postal 3131;Simões Filho;BA;43700000;jose-rubem@joserubem.com.br;0093-0805;8;17;2015
BRASIL;Tpc Logística  Nordeste S.A.;13332013000100;ACS B. Nº 552 QUADRA 03 - LOTE 01 A 11 - SN - TÉRREO - PQ. INDUSTRIAL CIA SUL;Simões Filho;BA;43700000;fiscal@grupotpc.com;0997-0619;6;18;2029
BRASIL;Logic Soluções Logísticas Ltda;15101228000145;Via Acesso II BR 324, nº 1796 - Cia Sul;Simões Filho;BA;43700000;dmuricy@logiclogistica.com.br;0960-1218;12;13;2028
BRASIL;Mma Transportes De Cargas Ltda;12147259000149;Via Urbana, nº 4466, sala 01, Cia Sul;Simões Filho;BA;43700000;mila@logtrade.com.br;1330-0223;2;15;2033
BRASIL;Multitex Logística Ltda;28492544000137;Avenida Prudente de Morais, nº 287 - Santo Antônio;Belo Horizonte;MG;30350093;adrielle.mairink@multitex.com.br;0827-0317;3;8;2027
BRASIL;Link Logistic Group Empreendimentos Ltda;8294859000162;Rua Desembargador Jorge Fontana, 80/1601 - Belvedere;Belo Horizonte;MG;30320670;Icabrantes@linklogistic.com.br;0416-0910;9;23;2020
BRASIL;Link Logística E Serviços Ltda;8775225000121;Rua Pernambuco, nº 1002 - conjunto 402 - sala 2;Belo Horizonte;MG;30130151;lcabrantes@linklogistic.com.br;0770-0616;6;28;2026
BRASIL;Power Express Logística E Transportes Ltda - Me;71154462000101;RUA TITÂNIO, 123 - CAMARGOS;Belo Horizonte;MG;30520150;comexaereo@yahoo.com.br;0526-1112;11;7;2022
BRASIL;Quick Delivery Belo Horizonte Entregas Rápidas De Encomendas Ltda-Me;11949412000199;Avenida Heraclito Mourão de Miranda, nº 23289 - Santa Terezinha;Belo Horizonte;MG;31365203;edson@quickdelivery.com.br;0688-0715;7;9;2025
BRASIL;Transcourier Ltda - Me;3220264000149;RUA JOSÉ CLETO Nº 1010 - PALMARES;Belo Horizonte;MG;31155290;MAURICIO@TRANSCOURIERBH.COM.BR;0835-0617;6;8;2027
BRASIL;Transexcedente Ltda;5763642000166;RUA GABRIELA DE MELO, 565 – BAIRRO OLHOS D’ÁGUA;Belo Horizonte;MG;30390080;adalcir@transpeciais.com.br;0216-1106;11;16;2016
BRASIL;Trijay Transportes Aduaneiros Ltda;14625425000109;Rua Ministro Orozimbo Nonato, nº 392, galpão 4 - Dona Clara;Belo Horizonte;MG;31260230;operacional01@trijaytransportes.com.br;0925-0818;8;21;2028
BRASIL;Velox Transportes E Serviços Ltda;3777357000179;Avenida Silviano Brandão, nº 1205, sala 01, Sagarda Família;Belo Horizonte;MG;31030105;velox@veloxtrans.com.br;0605-0114;1;27;2024
BRASIL;Ventana Serra Do Brasil Agenciamento De Cargas Ltda;4915315000110;Avenida contorno nº 6.500 - 8º andar - salas 803 e 804 - Savassi;Belo Horizonte;MG;30110044;dfaustino@ventanaserra.com.br;0758-0616;4;16;2034
BRASIL;Sure Logística Ltda;17062517000108;RUA AMOROSO COSTA, Nº 242, SALA 201 A 205 E 301 A 305 - SANTA LUCIA;Belo Horizonte;MG;30350570;qualidade@loglifelogistica.com.br;0635-0814;8;5;2024
BRASIL;L&T Escritório De Negócios Internacionais Ltda;7287199000120;AVENIDA DO CONTORNO, 4.480 - CONJUNTO 1.301 a 1.305, BAIRRO - FUNCIONÁRIOS;Belo Horizonte;MG;30110090;cid@ltcomex.com.br;0634-0814;8;5;2024
BRASIL;Intertex Operador Multimodal Ltda;25103257000108;Avenida Prudente de Morais, nº 287 - sala 304 - Santo Antonio;Belo Horizonte;MG;30350093;adrielle.mairink@multitex.com.br;0828-0317;3;20;2027
BRASIL;In Time Logística Ltda.;6059373000114;Rua Marcos Lopes de Almeida, nº 91 - Santa Branca;Belo Horizonte;MG;31565020;jbatista@intimelogistica.com.br;0652-1214;12;23;2024
BRASIL;Full Log Transportes Ltda;4654218000110;Rua Patolandia, nº 50 - C - Fernão Dias;Belo Horizonte;MG;31170545;fl@fltrans.com.br;0832-0517;5;10;2027
BRASIL;F.O.Franco Encomendas Expressas;18385794000114;RUA JOSE FELIX 713 - MANTIQUEIRA;Belo Horizonte;MG;31660100;felipe.franco@aerominas.com.br;1465-0125;1;3;2035
BRASIL;Empresa De Transportes Apoteose Ltda;66455536000100;RUA PATOLANDIA, Nº 08/50 - BAIRRO FERNÃO DIAS;Belo Horizonte;MG;31170545;emtel@emteltrans.com.br;0600-0114;1;21;2024
BRASIL;Cousin Solutions Comércio, Distribuição, Serviços E Participações Ltda;9261302000198;RUA BARRA LONGA Nº 58 - LOJA Nº 02 - SALGADO FILHO;Belo Horizonte;MG;30550430;COMERCIAL@COUSINSOLUTIONS.COM;1065-0320;3;20;2030
BRASIL;Av Logística Express Ltda ;30754601000150;Rua  Areado, 294 - Carlos Prates;Belo Horizonte;MG;30710530;eversson.senra@avlogexpress.com.br;0974-0219;2;12;2029
BRASIL;Axis Shipping Agenciamento De Cargas Ltda;7022330000127;RUA GONÇALVES DIAS, 2132 SALA 1100 - BAIRRO -  LOURDES;Belo Horizonte;MG;30140092;daniellakassab@axissgipping.com.br;1050-0120;1;27;2030
BRASIL;Action Agenciamento De Cargas Ltda;7433647000156;AV. BARÃO HOMEM DE MELO Nº 3382 - 7º ANDAR (SALAS 701 E 702) E 8º ANDAR (SALA 801) - ESTORIL;Belo Horizonte;MG;30494270;dlegalizacao@escritoriocontabilsc.com.br;1310-1122;11;17;2032
BRASIL;Vli Multimodal S.A.;42276907000128;Rua Sapucaí, nº 383 - Bairro Floresta;Belo Horizonte;MG;30150904;marcos.magirius@vli-logistica.com.br;0790-0816;6;10;2036
BRASIL;Vli Multimodal S.A.;42276907000128;Rua Sapucaí, nº 383 - Bairro Floresta;Belo Horizonte;MG;30150904; regulatorio@vli-logistica.com.br;0790-0816;6;10;2036
BRASIL;RCL RODE CONCEPT LOGISTICA LTDA;50811709000145;AV RAJA GABAGLIA;Belo Horizonte;MG;30494310;marques@rode-concep-logistics.com;1518-1025;10;21;2035
BRASIL;SUPER URGENTE TRANSPORTE AEREO E RODOVIARIO LTDA;13642117000110;Rua NORALDINO LIMA, nª 580;Belo Horizonte;MG;31260250;licitacao2@mixcargo.com.br;1499-0525;5;13;2035
BRASIL;Ceva Logistics Ltda;43854116000109;AVENIDA MIRAFIORI Nº 233 - BLOCO B - SALA A - DISTRITO INDUSTRIAL PAULO CAMILO PENA;Betim;MG;32669154;EDENOR.MAZAIA@CEVALOGISTICS.COM;1009-0819;8;16;2029
BRASIL;Expresso Minas Frios Ltda;5151226000107;Avenida Engenheiro Darcy Nogueira do Pinho, nº 3201, Galpão 2, Módulo 2 - Vila Cristina;Betim;MG;32675515;comercial@emflogistica.com.br;0527-1112;8;3;2033
BRASIL;TORA RECINTOS ALFANDEGADOS S/A;86613403000121;Rodovia Fernão Dias - BR 381 - S/N - Km 490, Jardim Alterosa;Betim;MG;32670790;roberto.farace@tora.com.br;0133-1005;4;25;2035
BRASIL;TORA RECINTOS ALFANDEGADOS S/A;86613403000121;Rodovia Fernão Dias - BR 381 - S/N - Km 490, Jardim Alterosa;Betim;MG;32670790;fiscal@tora.com.br;0133-1005;4;25;2035
BRASIL;Transportes Pesados Minas S.A.;17215039000129;VIA EXPRESSA 15.999 - BAIRRO VILA CRISTINA;Betim;MG;32675005;alfonso@transpes.com.br;0108-0805;8;15;2034
BRASIL;Bauminas Log E Transportes S.A.;14429795000162;Rua João Dias Neto, nº 38, Galpão 01 - Vila Reis;Cataguases;MG;36770228;kassio.correa@bauminas.com.br;0961-0119;1;8;2029
BRASIL;Biotech Logística Ltda;21382943000104;Avenida Sócrates Mariani Bittencourt, número 1050;Contagem;MG;32010010;bruna@biotechlogistica.com.br;0665-0315;6;9;2035
BRASIL;Biotech Logística Ltda;21382943000104;Avenida Sócrates Mariani Bittencourt, número 1050;Contagem;MG;32010010;gustavo.lacerda@biotech-company.com;0665-0315;6;9;2035
BRASIL;Autolog Transportes  Logística E Armazenagem  Ltda;8875763000783;Rua Reginaldo Souza Lima, nº 800, Bairro Bernardo Monteiro;Contagem;MG;32010370;COMERCIAL@GRUPOAUTOLOG.COM.BR;0300-0608;6;23;2018
BRASIL;Ali-Autolog Logística Integrada Ltda;7672060000108;RUA REGINALDO DE SOUZA LIMA - Nº 800 - SALA A - BERNARDO MONTEIRO;Contagem;MG;32010370;OTAVIO@AUTOLOGEXPRESS.COM.BR;0866-1017;10;5;2027
BRASIL;Bravus Transportes E Logística Ltda;14271042000171;Avenida Tomaz Gonzaga, nº 55 - Inconfidentes;Contagem;MG;32260150;halanna@smmconcultoria.com.br;0573-0813;8;5;2023
BRASIL;Fjr Engenharia E Construções Ltda;11312768000117;Praça París, nº 192, Loja 01 - Santa Cruz Industrial;Contagem;MG;32340460;gustavoskiadv@gmail.com;1188-0821;8;11;2031
BRASIL;Tora Logística Armazéns E Terminais Multimodais S/A;66702325000124;Via Ápio Cardoso, nº 20 ;Contagem;MG;32371615;roberto.farace@tora.com.br;0061-0505;3;10;2035
BRASIL;Tora Logística Armazéns E Terminais Multimodais S/A;66702325000124;Via Ápio Cardoso, nº 20 ;Contagem;MG;32371615;fiscal@tora.com.br;0061-0505;3;10;2035
BRASIL;Tora Transportes Ltda;20468310000142;Avenida Ápio Cardoso nº 20 - sala  11 ;Contagem;MG;32371615;roberto.farace@tora.com.br;0037-0405;4;30;2035
BRASIL;Tora Transportes Ltda;20468310000142;Avenida Ápio Cardoso nº 20 - sala  11 ;Contagem;MG;32371615;fiscal@tora.com.br;0037-0405;4;30;2035
BRASIL;Multiservice Transportes Multimodal Ltda;10173996000190;ROD BR-040, S/N, KM 522/523 - MORADA NOVA;Contagem;MG;32145480;eliane@logservicetrans.com.br;1273-0722;7;7;2032
BRASIL;MOVVI LOGÍSTICA LTDA;23864838000129; Rua Dois nº 230;Contagem;MG;32250010;CONTABILIDADE@MOVVI.COM.BR;1505-0725;7;3;2035
BRASIL;Vito Transportes Ltda.;17182742000188;Rua Zeze Camargos, nº 280, Cidade Industrial;Contagem;MG;32210080;vito@vito.com.br;0009-0305;3;23;2015
BRASIL;Transcota Logística Ltda;21545694000112;RUA LAMBARI, 190 - BAIRRO - LOURDES;João Monlevade;MG;35930070;contato@transcota.com;0838-0617;6;19;2027
BRASIL;Rodoseg Logística Em Transportes Ltda - Me;10554902000123;RUA ANTÔNIO SCANAPIECO, 55 - NOVA ERA;Juiz de Fora;MG;36087270;licitacao@rodoseglogistica.com.br;0687-0715;7;9;2025
BRASIL;Matos E Ribeiro Carga Segura Ltda;40579894000130;Rua Zacarias de Lima, nº 130 , Sala 02, Centro;Lagoa Formosa;MG;38720000;matoseribeirocargas@gmail.com;1160-0521;5;25;2031
BRASIL;Ribeiro Operadora De Cargas Ltda;36538565000174;RUA ZACARIAS DE LIMA Nº 120, SALA 04 -  CENTRO;Lagoa Formosa;MG;38720000;rmcargasegura@gmail.com;1070-0420;4;17;2030
BRASIL;Expresso Log Transporte E Logística Ltda;1374153000161;Rua Comandante Soares Júnior, nº 101, Letra A - Artur Bernardes;Lavras;MG;37205034;gustavo@expessolostransportes.com.br;0954-1018;10;19;2028
BRASIL;Expresso Log Transporte E Logística Ltda;1374153000161;Rua Comandante Soares Júnior, nº 101, Letra A - Artur Bernardes;Lavras;MG;37205034;mariacon.fera@gmail.com;0954-1018;10;19;2028
BRASIL;Arminter Comércio Exterior Ltda.;26386235000157;Alameda do Ingá, 95 - 1º Andar - Vale do Sereno;Nova Lima;MG;34000000;rohlfs@arminter.com.br;0104-0805;8;18;2015
BRASIL;Multicargo Container Service Ltda;65153090000104;Rua Wichita, nº 49 - Jardim Canadá;Nova Lima;MG;34000000;cynthia@multicargo.com.br;0830-0317;3;27;2027
BRASIL;Biologística Soluções Em Logística E Serviços Eireli;7837315000137;AV. ADAIR DE SOUZA, Nº 888 - BELO VALE;Santa Luzia;MG;33113010;ricardo.pinheiro@biologistica.com.br;0484-0412;5;19;2032
BRASIL;Hera Transportes Ltda - Epp;11501873000102;Rua Escócia, nº 289 - Jardim Universitário;Sete Lagoas;MG;35702144;hera@heratransportes.com.br;0919-0818;8;21;2028
BRASIL;SETE LAGOAS TRANSPORTES LTDA;3098929000193;AV PREFEITO ALBERTO MOURA ;Sete Lagoas;MG;35702383;CONTATO@EFICAZGESTAOTRIBUTARIA.COM.BR;1493-0525;5;6;2035
BRASIL;Bravo Serviços Logísticos Ltda;950001000105;BR 050, km 185, sobreloja 08 - Zona Rural;Uberaba;MG;38055010;marcos.ribeiro@bravolog.com.br;0930-0918;9;12;2028
BRASIL;Cj Logística Do Brasil Ltda;30408492000110;Av. Rondon Pacheco - UBT - Uberlândia Business Tower - nº 4600 -  Sala 92 e 93 - 9º andar - Tibery;Uberlândia;MG;38400766;arthur.hong@cj.net;0959-1218;12;13;2028
BRASIL;Cj Logística Do Brasil Ltda;30408492000110;Av. Rondon Pacheco - UBT - Uberlândia Business Tower - nº 4600 -  Sala 92 e 93 - 9º andar - Tibery;Uberlândia;MG;38400766; sinara.baungartencj.net;0959-1218;12;13;2028
BRASIL;Newlog Logística Ltda;47520037000104;Avenida Rui de Castro Santos, nº 1991, loja 112 - Glebas;Uberlândia;MG;38406260;izabelcristina@km93log.com;1305-1022;10;17;2032
BRASIL;Supporte Armazenagem, Vendas E Logística Integrada Ltda;3447983000105;BR. 365, KM 622, S/N - ZONA RURAL;Uberlândia;MG;38401730;fiscal@supportelogistica.com.br;0497-0712;7;17;2022
BRASIL;Lima E Ciacci Encomendas Urgentes Ltda - Me;13447924000182;Alameda Miguel Paschoal, nº 110 - Jardim Vale dos Ypes;Varginha;MG;37026590;franco@projetoslogisticos.com.br;0843-0717;7;4;2027
BRASIL;Cwaduana Log Ltda;28654299000117;Avenida Salum Assad David, nº 720, loja 02, Santa Luiza;Varginha;MG;37062650;camila@cwaduana.com.br;1321-0123;1;30;2033
BRASIL;Cwaduana Log Ltda;28654299000117;Avenida Salum Assad David, nº 720, loja 02, Santa Luiza;Varginha;MG;37062650; rosiane.frnacisco@grupocwaduana.com.br;1321-0123;1;30;2033
BRASIL;Gt Minas Transportes E Distribuidora Ltda;7275520000156;RUA ZOROASTRO HENRIQUE AMORIM, 450 - DISTRITO INDUSTRIAL;Varginha;MG;37066415;luciano@gtminas.com.br;0999-0619;6;19;2029
BRASIL;Gt Minas Transportes E Distribuidora Ltda;7275520000156;RUA ZOROASTRO HENRIQUE AMORIM, 450 - DISTRITO INDUSTRIAL;Varginha;MG;37066415; contabil@gtminas.com.br;0999-0619;6;19;2029
BRASIL;OASIS TRANSPORTES E LOGÍSTICA SA;22045683000136;AV. PRINCESA DO SUL Nº 860;Varginha;MG;37026080;DEMERSONSOUZA@OASISLOG.COM.BR;1510-0725;7;30;2035
BRASIL;Company Life Comércio De Produtos Médicos & Logística Eireli;31852609000112;RUA BARBACENA, Nº 79 - SANTA CLARA;Vespasiano;MG;33206004;fernanda@companylogistica.com.br;1008-0819;8;16;2029
BRASIL;Company Life Comércio De Produtos Médicos & Logística Eireli;31852609000112;RUA BARBACENA, Nº 79 - SANTA CLARA;Vespasiano;MG;33206004; wallerson@companylifelog.com.br;1008-0819;8;16;2029
BRASIL;Carbolog Vespasiano Ltda;39488901000100;RUA ANTONIO ARAÚJO DO VALE, Nº 815 B, SALA B - SANTO ANTONIO;Vespasiano;MG;33200412;b.yung@grupounimetal.com.br;1195-1021;10;8;2031
BRASIL;Simas Logistica Ltda ;13360985000108;Av. Tres, 311, Cond. Parque Norte -  Morro Alto;Vespasiano;MG;33200000;simasdaniel@simaslog.com.br;0968-0119;1;18;2029
BRASIL;Unicarbo Ltda;40281568000142;R ANTONIO ARAUJO DO VALE, Nº 815 B - SANTO ANTONIO;Vespasiano;MG;33200412;a.breves@grupounimetal.com.br;1257-0522;5;19;2032
BRASIL;Multilift Logística Ltda;7744919000139;Av. Vale do Rio Doce, s/n - Jardim América;Cariacica;ES;29015140;jcarlos@multilift.com.br;0850-0717;7;18;2027
BRASIL;Mrd Armazém E Logística Ltda;34585275000237;Avenida Vale do Rio Doce, nº  60 - Porto de Santana;Cariacica;ES;29730000;john@mrdlog.com;1261-0522;5;24;2032
BRASIL;Vix Transportes Dedicados Ltda;9452900000144;AV MARIO GURGEL  5030 -  sala 105 - Vila Capixaba;Cariacica;ES;29148901;mara@vix.com.br;0946-1018;10;19;2028
BRASIL;Zon Logística - Armazêns Gerais E Serviços Ltda;27487297000118;ROD BR 259, JOÃO NEIVA, BAIXO GUANDU, KM 50,3, S/N,  ARMAZÉM - SANTA HELENA;Colatina;ES;29705760;marco.zon@grupozon.com.br;1002-0719;7;11;2029
BRASIL;NIMBUS EXPRESS TRANSPORTES LTDA;13902480000128;Rua Rio de Janeiro, nº 373;Serra;ES;29167032;FATURAMENTO@NIMBUSEXPRESS.COM.BR;1471-0225;2;14;2035
BRASIL;TRANSUIÇA LOCAÇÃO E PRESTAÇÃO DE SERVIÇOS LTDA;32466732000168;Rua Francisco Sousa dos Santos, nº 891;Serra;ES;29164153;juliano@transuica.com.br;1538-0526;5;4;2036
BRASIL;Velten Logistica E Transporte Ltda;5593147000156;RUA 6 D, Nº 688, LOTE 1, 2, 3 ENGLOBADOS, QUADRA 13 D - CIVIT II;Serra;ES;29168070;contratos2@contabilservice.com.br;1178-0621;6;25;2031
BRASIL;Transporte Excelsior Ltda;32492373000113;Avenida Copacabana S/N - Morada de Laranjeiras;Serra;ES;29166820;psimoes@transporteexcelsior.com.br;0392-0610;6;30;2020
BRASIL;Transportes Excelsior Ltda;32429373000113;Avenida Copacabana S/N - Morada de Laranjeiras;Serra;ES;29166820;contabilidade@grupoloureiro.com.br;0004-0205;7;13;2030
BRASIL;Rrs Transportes E Logística Eireli;18899804000130;Avenida Eldes Scherrer Souza, 2230, sala 804 - Colina de Laranjeiras;Serra;ES;29167080;gerencia@rrsexpress.com.br;0989-0519;5;31;2029
BRASIL;Br Samor Logistica Express Ltda;10750264000116;RUA PORTO ALEGRE Nº 307 GALPAO 002 ARMZ 01 - NOVA ZELÂNDIA;Serra;ES;29175706;bruno@eteccontabilidade.com.br;1436-0824;8;7;2034
BRASIL;Gaier Veículos Eireli;17524342000103;AV. ELDES SCHERRER SOUZA, 1025, SALA 1115 - PARQUE RESIDENCIAL LARANJEIRAS;Serra;ES;29165680;gaier@gaierlocadora.com.br;1007-0819;8;14;2029
BRASIL;Enivix Ltda;4838701000155;AV. 100 -  S/N - QUADRA 01 - MÓDULOS 10 A 17 - SETOR INDUSTRIAL TIMS;Serra;ES;29161384;agiusfiscal2@agiuscontabil.com.br;1123-1120;11;11;2030
BRASIL;Fortcargo Transportes Ltda;17803300000101;RUA 6 D, Nº 68, SALA 03, BOX 04 - CIVIT II;Serra;ES;29168070;contratos2@contabilservice.com.br;1177-0621;6;25;2031
BRASIL;Superior Transportes Locação E Logística Ltda - Me;19352454000150;Rod. BR 262, s/n, km 10 - salas 1, 12, 13 - Parque Industrial;Viana;ES;26136522;ewerton@superiortransportes.com.br;0785-0716;7;28;2026
BRASIL;T S Quintão Aviva Logistica;54177877000181;RUA MARIA DE OLIVEIRA MARES, Nº 2 - ITAPARICA;Vila Velha;ES;29102245;tiagosoaresquintao@gmail.com;1417-0424;4;11;2034
BRASIL;Multirail Serviços Empresariais Ltda Epp;29090318000192;AVENINDA HENRIQUE MOSCOSO Nº 717 SALA 801 - CENTRO DE VILA VELHA;Vila Velha;ES;29100021;angelo.baptista@uol.com.br;0885-0218;2;6;2028
BRASIL;Liman Consultoria E Logistica Ltda Me;21099258000167;RUA LUCIO BACELAR 513  APT 202  - PRAIA DA COSTA;Vila Velha;ES;29101030;angelo.baptista@uol.com.br;0882-0218;2;2;2028
BRASIL;Sl Soluções Logísticas S/A;28327069000143;Rua Padre Antônio Ribeiro Pinto, nº 195, sl. 605 - Praia do Sua;Vitória;ES;29052290;fernandoleite@slsl.com.br;0938-0918;9;21;2028
BRASIL;Slv Solucoes Logisticas Veicular Ltda;43456021000129;R PADRE ANTONIO RIBEIRO PINTO, Nº 195, SALA 603, ED. GUIZZARDI CENTER - PRAIA DO SUA;Vitória;ES;29052290;fernandoleite@slsl.com.br;1250-0522;5;9;2032
BRASIL;BTG PACTUAL COMMODITIES SERTRADING S.A.;4626426000106;Av. Nossa Senhora da Penha, 1.495 - ;Vitória;ES;4626426;ol-tax-commodities-brazil@btgpactual.com;1474-0225;2;20;2035
BRASIL;Vix Logística S.A.;32681371000172;avenida Jeronimo Vervloet, nº 345 - Goiabeiras;Vitória;ES;29075140;mara@vix.com.br;0947-1018;10;19;2028
BRASIL;Irb Logística Ltda;41905203000104;RUA BARROS VIANA, Nº 530 - FLORIANO;Barra Mansa;RJ;27365020;contato@riosolutions.srv.br;1199-1021;10;27;2031
BRASIL;Irb Logística Ltda;41905203000104;RUA BARROS VIANA, Nº 530 - FLORIANO;Barra Mansa;RJ;27365020; luclouro@hotmail.com;1199-1021;10;27;2031
BRASIL;Aeroporto Cabo Frio, Logística, Armazém Geral E Transporte Multimodal Ltda;7895102000161;EST VELHA DE ARRAIAL DO CABO, S/N,  PARTE CAIXA POSTAL 111685 - PRAIA DO SUDOESTE;Cabo Frio;RJ;28905970;kleber.meira@cabofrioairport.com.br;1033-1119;11;6;2029
BRASIL;Alfar Comércio, Logística E Manutenções Ltda;5551878000139;Estr. do Pilar, nº 126, Qd 29, Lt 13 - Chácara Rio-Petrópolis;Duque de Caxias;RJ;25230270;comercial@xamegolog.com.br;0731-1215;12;2;2025
BRASIL;Rodolog Transportes Multimodais Eireli;5214772000140;Rua Ilhéus, nº 230 - Bairro: Jardim Gramacho;Duque de Caxias;RJ;25055150;joel.barros@rodofly.com.br;0711-0915;9;21;2025
BRASIL;Transportes Carvalho Ltda;33570797000111;Rodovia Washington Luiz, nº 5.049 ;Duque de Caxias;RJ;25055009;secdir@carvalho.com.br;0034-0305;7;2;2035
BRASIL;Transportes Carvalho Ltda;33570797000111;Rodovia Washington Luiz, nº 5.049 ;Duque de Caxias;RJ;25055009;contabil@carvalho.com.br;0034-0305;7;2;2035
BRASIL;Maxpesa Construções Transportes Locações E Montagens Eireli;1117975000167;AVENIDA EMÍLIO DE MENEZES, S/N - QUADRA 11 - LOTE 10 - JARDIM PRIMAVERA;Duque de Caxias;RJ;25215255;comercial@maxpesa.com.br;1175-0621;6;25;2031
BRASIL;Rio Brazil Transportes E Representações Ltda-Me;3797837000100;Rua Gregório de Matos, nº 65 - Circular;Duque de Caxias;RJ;25070120;riobrazil@ig.com.br;0755-0516;5;10;2026
BRASIL;Matrix Log International Ltda;2565955000111;RUA GENERAL EUCLIDES DE FIGUEIREDO, S/N, QD 46, LT 52 - BRISA MAR;Itaguaí;RJ;23825450;leonardo@matrix.log.br;1415-0424;4;9;2034
BRASIL;Sepetiba Tecon S.A.;2394276000127;Estrada Prefeito Wilson Pedro Francisco, s/nº , Porto de Itaguai - Ilha da Madeira;Itaguaí;RJ;23826600;cesar.maas@csn.com.br;0767-0616;6;22;2026
BRASIL;Sva Macaé Cargas Expressas Ltda;44832588000115;Rua Teixeira de Gouvêa, nº 1.727, Lojas 11 e 12, Cajueiros;Macaé;RJ;27916000;meaf1@azulcargo.com.br;1387-1123;11;7;2033
BRASIL;Granihc Services S.A.;11010481000132;ESTRADA HILDEBRANDO ALVES BARBOSA, S/N, KM 06, ST. SÃO J. E ITAPARICA - BAIRRO - PARQUE AEROPORTO;Macaé;RJ;27963506;clarice.garcia@granihc.com;1041-1119;11;26;2029
BRASIL;Granihc Services S.A.;11010481000132;ESTRADA HILDEBRANDO ALVES BARBOSA, S/N, KM 06, ST. SÃO J. E ITAPARICA - BAIRRO - PARQUE AEROPORTO;Macaé;RJ;27963506; rodrigo.dantas@granihc.com.br;1041-1119;11;26;2029
BRASIL;Transportes São Geraldo Ltda;25284506000109;Rodovia Presidente Dutra nº 10501 - Rocha Sobrinho;Mesquita;RJ;26550150;tsg@tsg.com.br;0190-0606;6;26;2016
BRASIL;Pvax Consultoria E Logistica Ltda;12117414000184;Rua Monsenhor Raeder, nº 25, complemento 01 - Barreto;Niterói;RJ;24110814;comercial@pvax.com.br;1253-0522;5;18;2032
BRASIL;Empresa Brasileira De Transportes Ltda;1512675000182;Rua Tenório Cavalcante nº. 47 – Vila Catia;Nova Iguaçu;RJ;26010340;ebt@oi.com.br;0231-0207;2;23;2017
BRASIL;Elta Log Logística De Empresas Ltda;30840927000109;Estrada Bougainville nº 442 - Bloco F - Casa 06 - Jacarepaguá;Rio de Janeiro;RJ;22753210;comercial@eltalog.com.br;1380-0923;9;25;2033
BRASIL;D0 Logistics Ltda;27113589000190;EST RIO DOURO -  00801 BLC 1 ARM 10 BLC 1,ARM 11 BLC 1 ARM 12 BLC 1 ARM 13 - PARQUE COLUMBIA;Rio de Janeiro;RJ;21535030;REGULARIZACAO@FLRANGEL.COM.BR;1404-0224;2;5;2034
BRASIL;Data Certa Entregas Rápidas Ltda - Me;3686915000190;Rua Cuba, 228 - Penha;Rio de Janeiro;RJ;21020160;datacerta@datacertabrasil.com;0991-0619;6;12;2029
BRASIL;Despachos E Transportes Dms Ltda;31864044000193;RUA MAGALHÃES CORREIA, Nº 112 - HIGIENOPOLIS;Rio de Janeiro;RJ;21051510;marco.bilonia@dmslog.com;1173-0621;6;24;2031
BRASIL;G. Silva Transportes E Logística Ltda;33489352000101;Avenida Brasil, nº 11.727 e 11.875, com entrada suplementar pela rua Castelo Branco, s/nº - Penha;Rio de Janeiro;RJ;21012351;belacap@belacap.com.br;0760-0616;6;6;2026
BRASIL;Excommerce Assessoria Internacional Ltda-Epp;5753265000184;Rua Anfilofio de Carvalho, 29 - 605 a 610 - Centro;Rio de Janeiro;RJ;20030060;julio.dantas@excomrio.com.br;0587-1013;10;17;2023
BRASIL;Gol Linhas Aéreas S.A;7575651000159;PRAÇA SENADOR SALGADO FILHO S/Nº - TÉRREO - ÁREA PÚBLICA ENTRE OS EIXOS 46-48/O-P - SALA DE GERÊNCIA BACK OFFICE - CENTRO;Rio de Janeiro;RJ;20021340;tjimenez@voegol.com.br;1074-0420;4;17;2030
BRASIL;Gefco Logística Do Brasil Ltda;3094658000106;Praça Quinze de Novembro, nº 20, sala 402 - Centro;Rio de Janeiro;RJ;20010010;dl-brasil-rio-fiscal-contact@gefco.com.br;0913-0718;7;24;2028
BRASIL;Gávea Logística Ltda;12064608000169;AVENIDA RIO BRANCO, Nº1, SALA 1301 PARTE - CENTRO;Rio de Janeiro;RJ;20090003;guilherme@gavealog.com;1110-0920;9;18;2030
BRASIL;HulkS Internacional Carga Ltda;30870323000105;Rua Coimbra, 68/78, Penha;Rio de Janeiro;RJ;21011620;hulks@domain.com.br;0124-0905;9;27;2015
BRASIL;Interoceanica Chartering & Logistic Ltda;5119453000155;RUA VISCONDE DE INHAÚMA Nº 37 - SALA 2001 - CENTRO;Rio de Janeiro;RJ;20091007;CARLOS@CSCCONTABIL.COM.BR;1035-1119;11;8;2029
BRASIL;Integra Soluções De Logística Integrada Ltda;14311121000169;RUA MAJOR SUCKOW, Nº 30,  LOTE 2 PAL 46855 -  ROCHA;Rio de Janeiro;RJ;20975005;valeriabetania@integralogistica.com.br;1414-0424;4;8;2034
BRASIL;Integral Transporte E Agenciamento Marítimo Ltda;43145945000104;Rua São Bento, 8 - 12º andar (parte);Rio de Janeiro;RJ;20090010;renata_farina@lachmann.com.br;0080-0605;6;22;2015
BRASIL;Interferro Serviços E Logística Ltda;5303255000147;Rua Miguel Couto 105 17º Andar Centro;Rio de Janeiro;RJ;20071000;interferro@interferro.com.br;0509-0812;8;31;2022
BRASIL;Krw Atlantis Transportes E Mudanças Ltda;39893623000176;ESTRADA DA PEDRA 3520, SANTA CRUZ;Rio de Janeiro;RJ;23520395;karlwollny@atlanstisbrazil.com;1056-0220;2;11;2030
BRASIL;Kalahari Assessoria E Serviços Aduaneiros Ltda.;7336935000192;Rua Visconde de Inhaúma, nº 50, Sala 614 - Centro;Rio de Janeiro;RJ;20091007;andreia@kalahari-a.com.br;0143-1005;10;25;2015
BRASIL;Albar Logistics Ltda;4210356000100;Avenida Evandro Lins e Silva, 840, salas 1814 e 1815 -  Barra da Tijuca;Rio de Janeiro;RJ;22631470;lilianbarreiros@albar.com.br;0369-0210;12;20;2029
BRASIL;Airsealog Logística Integrada S/S Ltda;7047740000122;Rua Visconde de Inhaúma nº 58 - sala 201 - Centro;Rio de Janeiro;RJ;20091007;ricardo.garlope@airsealog.com.br;0196-0706;8;3;2016
BRASIL;Ambientis Radioproteção Ltda;780616000122;Avenida Carlos Chagas Filho, nº 791 - Bio Rio (Parte) - Ilha do Fundão;Rio de Janeiro;RJ;21941904;financeiro@ambientis.com.br;0719-1015;10;20;2025
BRASIL;Agaé Transportes E Comércio Ltda;43998509000188;AVENIDA FERNANDO MATOS, Nº  270, BARRA DA TIJUCA;Rio de Janeiro;RJ;22621090;thales@agaetransportes.com.br;0498-0712;7;18;2022
BRASIL;Agmsbs Transportes Ltda;3113442000132;RUA PEDRO ERNESTO Nº 120 - PARTE - GAMBOA;Rio de Janeiro;RJ;20220350;FISCAL@AGMLOGISTICA.COM.BR;0582-0913;9;17;2023
BRASIL;2 Alianças Transporte E Logística Ltda;11567225000140;Rua da Quitanda, nº 52 - andar 17 - parte - Centro;Rio de Janeiro;RJ;20011030;rbs@2aliancas.com.br;0901-0418;4;11;2028
BRASIL;Bayeux Logistics Ltda;4193936000137;Av. das Américas, nº 3500, bloco7, sala 104, 105 e 138 - Barra da Tijuca;Rio de Janeiro;RJ;22640102;pbayeux@bayeux.com.br;0099-0805;9;8;2025
BRASIL;Barbosa E Amorim Agenciamento De Cargas Ltda;10803792000196;Av. Venezuela nº 27 - Salas 607 e 609 - Saúde;Rio de Janeiro;RJ;20081311;valeria.barbosa@bealogistica.com.br;0519-0912;11;1;2033
BRASIL;Ativa Logística Internacional S/S Ltda;5679491000162;Rua Mayrink da Veiga, nº 6 – 9º andar;Rio de Janeiro;RJ;20090050;mcarlos@ativa.net;0237-0407;4;24;2017
BRASIL;Ativa Comércio Exterior S/S Ltda;40411720000164;Rua Mayrink Veiga nº. 6 – 9º andar;Rio de Janeiro;RJ;20090050;mcarlos@ativa.net;0232-0207;2;23;2017
BRASIL;Br Mobility International Transportes Ltda;34352080000166;RUA CASTELO BRANCO, Nº 67 - PENHA CIRCULAR;Rio de Janeiro;RJ;21012000;FINANCEIRO@BRMOBILITYINTL.COM;1332-0223;2;16;2033
BRASIL;Brazil Link Mudanças Ltda;19142826000113;Av. Pastor Martin Luther King Jr, nº 5335 A - Vicente de Carvalho;Rio de Janeiro;RJ;21370541;renata@brazillinkmudancas.com.br;0908-0718;7;10;2028
BRASIL;Brazil Log Agenciamento E Logística De Cargas Nacionais E Internacionais Ltda;11079429000132;RUA PATURI Nº 831 - TANQUE;Rio de Janeiro;RJ;22730270;RBARROS@BRAZIL-LOG.COM;1127-1120;11;20;2030
BRASIL;C&T Logistics Agente De Carga E Transporte Ltda;6185738000157;Rua Visconde de Inhaúma, 37, 16º andar - Centro;Rio de Janeiro;RJ;20091007;trucking.division@cet-logistics.com;0970-0119;1;21;2029
BRASIL;Canal Verde Consultoria E Comércio Exterior Ltda;3645340000168;Avenida Rio Branco, 18, 7º andar - Centro;Rio de Janeiro;RJ;20090000;canalverde@canalverderj.com.br;0176-0206;1;12;2031
BRASIL;Cargo Onix Rio Logística De Transporte De Cargas Ltda;7244182000195;RUA VISCONDE DE INHAÚMA, Nº 134, SALA 2121 - CENTRO;Rio de Janeiro;RJ;20091007;diretoria.financeiro@cargoonix.com.br;0592-1113;7;16;2034
BRASIL;Companhia De Navegação Norsul;33127002000103;Avenida Presidente Wilson, 231, 3º andar;Rio de Janeiro;RJ;20030905;rodrigo.cuesta@norsul.com;0321-1208;8;23;2029
BRASIL;Companhia Vale Do Rio Doce;33592510000154;Av. Graça Aranha, 26 - 12º Andar;Rio de Janeiro;RJ;20030900;jorge.luis@vale.com;0001-0205;2;2;2015
BRASIL;Codebras - Comissária De Despachos Do Brasil Ltda;4095454000144;Rua Leandro Martins, Nº 22, Sala 801 - Centro;Rio de Janeiro;RJ;20080070;codebras@despachoaduaneiro.com.br;0310-1108;11;19;2018
BRASIL;Comissaria Fastport Ltda;73670044000100;Av. Teixeira de Castro nº. 689 - Ramos;Rio de Janeiro;RJ;21040113;uln@fastport.com.br;0269-0108;1;29;2018
BRASIL;Costa Porto Despachos Aduaneiros Ltda;29548732000100;Avenida Marechal Floriano, nº 45 - 7º andar - Centro;Rio de Janeiro;RJ;20080004;magdaadm@costaporto.com.br;0746-0316;3;28;2026
BRASIL;Costa Porto Logística Internacional Ltda;2567192000148;Avenida Marechal Floriano, nº 45 - 7º andar - Centro;Rio de Janeiro;RJ;20080004;magdaadm@costaporto.com.br;0747-0316;3;28;2026
BRASIL;Crane Worldwide Logística Do Brasil Ltda;4393356000193;Avenida Rio Branco, nº 26, 11º andar - Centro;Rio de Janeiro;RJ;20090001;eduardo.miyagi@craneww.com;0914-0818;8;1;2028
BRASIL;Consultoria Em Projetos Logísticos - Incopro Do Brasil Ltda;7381971000178;Rua Visconde de Inhaúma, nº 77, Sala 2001 - Centro;Rio de Janeiro;RJ;20091007;financeiro@grifuron.com.br;0186-0506;10;3;2027
BRASIL;Psn Transportes Ltda;3676824000174;Rua Carlos Seidl nº 321 - Caju;Rio de Janeiro;RJ;20931002;psntransportes@yahoo.com.br;0194-0706;7;20;2026
BRASIL;Rd Expresso Transportes Ltda Me;14977687000124;Rua Pedro Alves, nº 14 - Santo Cristo;Rio de Janeiro;RJ;20220281;edson@quickdelivery.com.br;0686-0715;7;9;2025
BRASIL;Rhana Carga Internacional Ltda Epp;28675775000186;Rua Alice de freitas nº 189 - Vaz Lobo;Rio de Janeiro;RJ;21371220;lcm@ehana.com.br;0476-0212;2;9;2022
BRASIL;Rhana Carga Internacional Ltda Epp;28675775000186;Rua Alice de freitas nº 189 - Vaz Lobo;Rio de Janeiro;RJ;21371220; trivelli@rhana.com.br;0476-0212;2;9;2022
BRASIL;Rhana Transportes Internacionais Ltda;29508637000175;Rua Alice de Freitas, nº 189 - Vaz Lobo;Rio de Janeiro;RJ;21371220;lcm@rhana.com.br;1205-1221;12;2;2031
BRASIL;Rhana Transportes Internacionais Ltda;29508637000175;Rua Alice de Freitas, nº 189 - Vaz Lobo;Rio de Janeiro;RJ;21371220;lcm@rhana.com.br;1205-1221;12;2;2031
BRASIL;Ncx Cargo Transportes Internacionais Ltda;42584342000146;Rua Mayrink Veiga, nº 6 - sala 401, 601 e 801 - Centro;Rio de Janeiro;RJ;20090050;guilherme.c@nicomex.com.br;0956-1118;11;22;2028
BRASIL;Norsulcargo Navegação S.A.;1392043000122;AV. Augusto Severo nº 8, 7 andar - Sala 702 - parte - Gloria;Rio de Janeiro;RJ;20021040;ANGELO.BARONCINI@NORSUL.COM;0556-0413;4;3;2023
BRASIL;Norsulmax Navegação S.A.;42598920000101;Avenida Augusto Severo nº 8, 7º andar, sala 701 - parte;Rio de Janeiro;RJ;20021040;a.baroncini@norsulmax.com;0554-0413;4;1;2023
BRASIL;Novo Horizonte Jacarepaguá Importação E Exportação Ltda;185997000100;Av. Brasil nº. 4880 – Rua 11 – Vila do João nº. 95 – Manguinhos;Rio de Janeiro;RJ;21040361;dtra@nhjdobrasil.com.br;0207-1106;11;7;2016
BRASIL;Oceanpact Logistica Ltda;26095955000163;RUA DA GLÓRIA, Nº 122 - SALAS 801 E 802 - 10 PAVIMENTO E SALAS 901 E 902 11 PAVIMENTO - GLÓRIA;Rio de Janeiro;RJ;20241180;filipe.lima@oceanpact.com;1210-1221;12;16;2031
BRASIL;Petrobras Transporte S/A - Transpetro;2709449000159;Av. Presidente Vargas, nº 328, 11º andar -Centro;Rio de Janeiro;RJ;20091060;pedromodenesi@transpetro.com.br;0147-1105;8;25;2025
BRASIL;Megatruck Transportes E Locações Ltda;40261425000179;Rua do Arroz, nº 90, sala 419 - Penha Circular;Rio de Janeiro;RJ;21011070;comercial@megatrucktransportes.com.br;1297-0922;9;29;2032
BRASIL;Meta Cargo Serviços E Transporte Aéreos Ltda;68688274000159;AV. HENRIQUE VALADARES Nº 23 - SALA 302 - CENTRO;Rio de Janeiro;RJ;20231030;MARCELO@METACARGO.COM.BR;1314-1222;12;12;2032
BRASIL;MULTITERMINAIS ALFANDEGADOS DO BRASIL S.A.;31096068000140;RUA ANÍBAL DE MENDONÇA, 132, 4º Andar;Rio de Janeiro;RJ;20020100;ricardo.vega@multiterminais.com.br;0067-0505;5;21;2035
BRASIL;Mto Serviços Logística Ltda;18527562000153;Rua Monsenhor Manoel Gomes, nº 370 - São Cristovão;Rio de Janeiro;RJ;20931670;vinicius.patel@mtologistica.com;0649-1114;11;14;2024
BRASIL;Mrs Logística S/A;1417222000177;PRAIA DE BOTAFOGO Nº 228 - SALA 707 - ALA B  - BOTAFOGO;Rio de Janeiro;RJ;22250040;DANIELA.JUNQUEIRA@MRS.COM.BR;1467-0823;8;28;2033
BRASIL;Mk3 Operações Em Comércio Exterior Ltda;8872264000147;Av. José Silva de Azevedo Neto, nº 200, bloco 06, sala 334, 335 e 336 - Barra da Tijuca;Rio de Janeiro;RJ;22775056;maffra@makeconsultores.com.br;0726-1115;11;4;2025
BRASIL;Liga Logística, Óleo E Gás Ltda;19465179000180;Av. Churchil, 60 - sala 701 - Centro;Rio de Janeiro;RJ;20020050;filipe.lima@ligaog.com.br;0975-0419;4;1;2029
BRASIL;Link Logística Rj Ltda;9534778000155;Avenida Rio Branco, nº 45 / 5º andar - sala 505 - Centro;Rio de Janeiro;RJ;20090003;lcabrantes@linklogistic.com.br;0743-0216;2;16;2026
BRASIL;Lcw Assessoria E Logística Em Comércio Exterior Ltda;15716762000166;Estrada do Tindiba, 2733, sala 220 - Taquara;Rio de Janeiro;RJ;22725421;fraga@lcwlogistica.com.br;0571-0813;8;5;2023
BRASIL;Logimex Comércio Exterior Ltda;2155413000170;Avenida Presidente Vargas, nº 290 gr.708 - Centro;Rio de Janeiro;RJ;20071003;otaviogr@logimex.com.br;0693-0715;7;29;2025
BRASIL;Log-In Logística Intermodal S/A;42278291000124;RUA DO PASSEIO, Nº  00078, SALA 1201, CONDOMÍNIO BVEP NIGRI PLAZA - CENTRO;Rio de Janeiro;RJ;22250040;rl.institucional@loginlogistica.com.br;0530-1112;9;20;2032
BRASIL;Log-In Logística Intermodal S/A;42278291000124;RUA DO PASSEIO, Nº  00078, SALA 1201, CONDOMÍNIO BVEP NIGRI PLAZA - CENTRO;Rio de Janeiro;RJ;22250040;rl.institucional@loginlogistica.com.br;0230-0107;1;18;2017
BRASIL;Logum Logística S.A.;9584935000137;PRAIA DO FLAMENGO, N° 154, SALAS 601, 602 E 604, FLAMENGO;Rio de Janeiro;RJ;22210906;rafael.bassalo@logum.com.br;0544-0213;10;1;2034
BRASIL;Logitrade Serviços E Comércio Exterior Ltda;3004874000105;Av. Ataulfo de Paiva nº 135 sala 718 - Leblon;Rio de Janeiro;RJ;22440032;c.hirsch@logitradeserv.com.br;0456-0911;9;9;2021
BRASIL;Tranziran Transportes Ltda;468285000190;Rua do Alho, nº 1129, Galpão 2 - Penha Circular;Rio de Janeiro;RJ;21011000;donizeti@tranziran.com.br;0312-1108;12;28;2028
BRASIL;Triunfo Logística Ltda.;29355260000161;Avenida Cidade de Lima, 86, sala 201/202 - Santo Cristo;Rio de Janeiro;RJ;20220710;rodrigo.salles@triunfologistica.com.br;0373-0410;5;15;2030
BRASIL;Utc Overseas Do Brasil Ltda.;2612230000137;Avenida Rio Branco, nº 26 Pavimento 02;Rio de Janeiro;RJ;20090001;armandinabe@utcoverseas.com.br;0164-1205;10;14;2025
BRASIL;Value Logistic, Tour & Business Ltda Me;22886829000176;Rua da Quitanda, nº 86, salas 201 e 203 - Centro;Rio de Janeiro;RJ;20091005;diretoria@valuelog.com.br;0797-1016;10;18;2026
BRASIL;Superpesa Cia De Transportes Especiais E Intermodais;42415810000159;Av. Brasil, nº 42.301  - Campo Grande;Rio de Janeiro;RJ;23078002;gisousa@superpesa.com.br;0011-0305;8;18;2025
BRASIL;Superpesa Marítima Ltda;202759000157;Avenida Brasil, nº 42.301 - Campo Grande;Rio de Janeiro;RJ;23078002;gisousa@superpesa.com.br;0713-0915;9;26;2035
BRASIL;Superpesa Marítima Ltda;202759000157;Avenida Brasil, nº 42.301 - Campo Grande;Rio de Janeiro;RJ;23078002;deta@superpesa.com.br;0713-0915;9;26;2035
BRASIL;Stratégica Cargas E Encomendas Ltda;6184750000147;Av Lisboa, 75 Penha Circular;Rio de Janeiro;RJ;21011540;strategica@strategica.com.br;1124-1120;11;12;2030
BRASIL;Sky Despachos Aduaneiros E Transportes Ltda.;29380383000152;Rua Visconde de Inhaúma, nº 58, grupo 401, Centro;Rio de Janeiro;RJ;20091007;gpc@skylog.com.br;0155-1105;12;9;2015
BRASIL;Sacamarzenagem E Modais Consultoria Empresarial Ltda - Me;21747073000111;Rua Clóvis Bevilaqua, nº 246/205 - Tijuca;Rio de Janeiro;RJ;20520160;sergio@sacarmazenagem.com.br;0683-0615;6;26;2025
BRASIL;Vip Logistics Br Agenciamento E Transportes Ltda;16831972000168;RUA VISCONDE DE INHAÚMA, 134, SALA 801-804 - CENTRO;Rio de Janeiro;RJ;20091007;raphael.lyrio@viplogbr.com;0561-0613;3;1;2034
BRASIL;Wilport Operadores Portuários Ltda;51077576000198;Rua da Quitanda, nº 86, 5º andar - sala 501 - Centro;Rio de Janeiro;RJ;20091005;planfical@wilsonsons.com.br;0670-0415;4;23;2025
BRASIL;Wilson Sons Terminais E Logística Ltda;3852972000100;PRAIA DE BOTAFOGO, Nº 186 - SALA 301 - BOTAFOGO;Rio de Janeiro;RJ;22250145;TAXCOMPLIANCEMATRIZ.PARALEGAL@WILSONSONS.COM.BR;0893-0318;3;29;2028
BRASIL;Wilson, Sons Logística Ltda;3852000000000;Av. Rio Branco nº 25, 4º andar, Centro;Rio de Janeiro;RJ;20090902;andrea.ruas@wilsonsons.com.br;0181-0406;4;12;2016
BRASIL;GOLDEN BRAZIL LOGÍSTICA E TRANSPORTES LTDA;21780589000168;Avenida Ator Jose Wilker nº 605, Bloco 1, Sala 862;Rio de Janeiro;RJ;22775024;redenschirenato@goldenlogbrazil.com.br;1498-0525;5;13;2035
BRASIL;GLOG TRANSPORTES LTDA;23671660000108;RUA DO ARROZ, Nº 90, ;Rio de Janeiro;RJ;21011900;tavarespro@hotmail.com;1537-0426;4;15;2036
BRASIL;ASIGNAR CUSTOMS CLEARANCE LTDA;39231148000172;Av. Rio Branco, 26 ;Rio de Janeiro;RJ;20090001;augusto@asignar.com.br;1523-1125;11;26;2035
BRASIL;Zemax Serviços Marítimos Ltda;29764518000183;Rua Cruzeiro do Sul, 153 - Bairro Gradim;São Gonçalo;RJ;24430620;nfe@zemaxlog.com.br;1118-1020;10;9;2030
BRASIL;FLEXBASE SERVIÇOS LTDA;34392693000127;Fazenda Saco Dantas, s/n;São João da Barra;RJ;28200000;LEGAL@GRANENERGIA.COM.BR;1547-0726;7;15;2036
BRASIL;DOME SERVIÇOS INTEGRADOS;28483069000132;Fazenda Saco Dantas, S/N;São João da Barra;RJ;28200000;diego.mendonca@dome.services;1544-0726;7;8;2036
BRASIL;Rei De Ouro Mudanças E Transportes Eireli;10781353000120;RUA GOIÁS, 386 - BEIRA RIO;São João de Meriti;RJ;25555770;gestor@reideouro.com;1128-1220;12;1;2030
BRASIL;Haja Representações Comerciais Ltda;11117204000123;Rua Segisfredo Bravo 105 Sala 104 Bacaxá;Saquarema;RJ;28993000;roseni.haja@hotmail.com;0522-0912;9;27;2022
BRASIL;Ricardo Matarazzo Cargas Ltda;72316094000113;Av. Lucio Meira, 260, sl. 203 - Várzea;Teresópolis;RJ;25953001;MIXDOCUMENTOS@GMAIL.COM;0378-0410;10;18;2034
BRASIL;Duo Multimodal Ltda;37367637000120;AV. PAULO DE FRONTIN Nº 590 - SALA 911 COND. 139 - ATERRADO;Volta Redonda;RJ;27213270;SYMARAHS@HOTMAIL.COM;1385-1123;11;1;2033
BRASIL;Keloz Transportes E Encomendas Ltda;11441000000143;AVENIDA LUIZ CARLOS TUNES, Nº 2347 - TERRAS DE CAROLINA;Araras;SP;13607814;keloz@keloz.com.br;1190-0821;8;20;2031
BRASIL;Hosplog Logística Ltda;32240883000101;Av. Aruanã, 280/352 , Galpões 3 e 4 - Tamboré;Barueri;SP;6460010;marcos.cavequi@unihealth.com.br;1146-0321;3;11;2031
BRASIL;Id Do Brasil Logística Ltda;4416849000100;Alameda Mamore, nº 503, 4º andar, conj 1,2,3,4 - Alphaville;Barueri;SP;6454040;lmendes@id-logistics.com.br;0666-0315;3;12;2025
BRASIL;Id Transportes Do Brasil Ltda;25209002000116;Al. Mamore, nº 503 - 4º andar - Parte conj.1, 2, 3 e 4 - Alphaville;Barueri;SP;6454040;lmendes@id-logistics.com.br;0801-1016;10;19;2026
BRASIL;G-Inter Transportes Ltda;5332260000188;RUA VICTORINO, Nº 134 - JARDIM MUTINGA;Barueri;SP;6463290;mariacon.fera@gmail.com;0515-0912;9;20;2033
BRASIL;Golden Cargo Transportes E Logística Ltda;163083000130;Estrada dos Alpes, nº 855, 2º andar , Jardim Belval;Barueri;SP;6423080;ronilson.oliveira@goldencargo.com.br;0819-0117;1;23;2027
BRASIL;E.G.A. Assessoria Em Comércio Exterior Ltda;1701615000108;Rua Caldas Novas, nº 50, Sala 79 - Bairro Bethaville I;Barueri;SP;6404301;juridico@egasolutions.com.br;0586-0913;4;25;2033
BRASIL;E7 Logistica Ltda;24875190000159;AV ANDROMEDA, Nº 723, 2º ANDAR, ESCRITORIO 206 - GREEN VALLEY ALPHAVILLE;Barueri;SP;6473000;wagner.feitosa@e7log.com;1255-0522;5;18;2032
BRASIL;Elog S.A.;60526977000179;Avenida Tamboré, nº 1400 - 2º andar - Alphaville;Barueri;SP;6460000;rodrigo.roson@eloglogistica.com.br;0892-0318;3;29;2028
BRASIL;Digital Transportes E Logística Ltda - Me;12055845000163;Rua Caldas Nova , nº 50, sala 137 - Bethaville I;Barueri;SP;6404301;contato.digitaltrans@gmail.com;0802-1016;10;19;2026
BRASIL;G2L Logística Ltda;29081265000143;Alameda Tocantins, 75 -  Alphaville;Barueri;SP;6455020;fiscal@logisticag2l.com.br;1136-0121;1;13;2031
BRASIL;Celistics Barueri Transportadora Ltda;11964184000126;Alameda Araguaia, nº 2104, conj.53 e 54, 5º andar - Alphaville Industrial;Barueri;SP;6455000;oferreira@celistics.com;0858-0817;8;31;2027
BRASIL;Apoio Comércio E Transportes Ltda;12065639000134;Rua Jussara  nº 1250 - Sala 10 - Jardim Santa Cecília;Barueri;SP;6465070;BRESSANIM@GRUPOENAR.COM.BR;0575-0813;8;8;2023
BRASIL;Bk Consultoria E Serviços Ltda;3022122000177;RUA BONNARD Nº 980 - BLOCO 09 - NÍVEL 07 - GREEN VALLEY - ALPHAVILLE;Barueri;SP;6465134;LICITA@BKCONSULTORIA.COM.BR;1432-0724;7;17;2034
BRASIL;Afr Logística E Transporte Ltda;27641439000150;AV. ANDROMEDA, Nº 885 - CONJUNTO 709 - ALPHAVILLE EMPRESARIAL;Barueri;SP;6473000;martinsassessoria@uol.com.br;1206-1221;12;2;2031
BRASIL;Pitney Bowes Brasil Equipamentos E Serviços Ltda;6980816000105;Alameda Tocantins, nº 630, galpão 3, Bl. Tocantins, Condomínio Múltiplo Tocantins 3 - Alphaville - Centro Industrial e Empresarial;Barueri;SP;6455020;marta.silva@pb.com;0812-1216;12;12;2026
BRASIL;Pitney Bowes Brasil Equipamentos E Serviços Ltda;6980816000105;Alameda Tocantins, nº 630, galpão 3, Bl. Tocantins, Condomínio Múltiplo Tocantins 3 - Alphaville - Centro Industrial e Empresarial;Barueri;SP;6455020; maria.freire@pb.com;0812-1216;12;12;2026
BRASIL;O Primo Logística Eireli;21557195000145;Alameda Mamoré, 535, sala 907 - Alphaville Centro Industrial e Empresarial;Barueri;SP;6454040;augusto@oprimolog.com.br;1303-1022;10;7;2032
BRASIL;Modern Transporte Aéreo De Cargas S.A.;3887831000115;Calçada das Primeveras, nº 31, 1º andar, Centro Comercial Alphaville;Barueri;SP;6453046;JOICE.DOUTEL@MODERN.COM.BR;0685-0715;7;9;2025
BRASIL;S. Paulo Distribuição E Logística Ltda;4757830000119;Al. Tocantins, nº 125, 29° andar, sala 2901 - Alphaville Industrial;Barueri;SP;6455931;ines.leme@uol.com.br;0920-0818;8;21;2028
BRASIL;Segura Transportes E Logística S/A ;3147206000137;Av. Marginal projetada, 1810 - Galpão 04 - Fazenda Tambore;Barueri;SP;6460200;veronica.chagas@yexux.com.br;0973-0219;2;12;2029
BRASIL;Stark Cargo Do Brasil Ltda;40401858000182;AV ARUANÃ, 280, GP. EUROPA, SL2 - TAMBORÉ;Barueri;SP;6406010;gustavo.galvão@stark-4pl.com;1242-0422;4;20;2032
BRASIL;Tex Courier Ltda. - Em Recuperação Judicial;73939449000193;Av. Piracema, 155, galpão 1 - Sítio Tamboré;Barueri;SP;6460030;cpfiscal@totalexpress.com.br;1097-0720;7;30;2030
BRASIL;Unihealth Logística Ltda;7312223000133;Av. Aruanã, nº 280/352, Galpões 3 e 4, 1º Andar, Sala 3 - Tamboré;Barueri;SP;6460010;domingos@unihealth.com.br;0862-1017;10;3;2027
BRASIL;Unihealth Logística Ltda;7312223000133;Av. Aruanã, nº 280/352, Galpões 3 e 4, 1º Andar, Sala 3 - Tamboré;Barueri;SP;6460010; marcos.cavequi@unihealth.com.br;0862-1017;10;3;2027
BRASIL;Uht Logística S.A.;24303324000167;Av. Aruana 280 - GALPAO/352 GP 3 E4 ANDAR 1 TERREO GP 4 PARTE A - Tambore;Barueri;SP;6460010;marcos.cavequi@unihealth.com.br;1159-0521;5;24;2031
BRASIL;Única Volo Armazenagem E Logística Ltda.;13655202000113;Av. Doutor Marcos Penteado de Ulhoa Rodrigues nº 1.119 - 22º andar, conj. 2209 - Tambore;Barueri;SP;6460040;edu.leonel@volologistica.com.br;0549-0313;3;8;2023
BRASIL;Transbritto Express Ltda;11441387000138;ALAMEDA INAJÁ, Nº 10, SALA 01 - TAMBORÉ;Barueri;SP;6460055;djalma@trbexpress.com;1461-1224;12;30;2034
BRASIL;Transfolha - Transportes E Distribuição Ltda;58818022000143;Alameda Xingú, nº 1.230 - Alphaville;Barueri;SP;6455030;1-fin-fiscal@grupofolha.com.br;0839-0617;6;20;2027
BRASIL;NFC SOLUCOES LOGISTICAS LTDA;48900493000142;R ADELINO CARDANA Nº 293;Barueri;SP;6401147;CONTATO@NFCLOGISTICA.COM;1525-1225;12;19;2035
BRASIL;Z7 Logistics Ltda;44159855000135;Alameda Rio Negro, nº 503, sala 2020 - Alphaville;Barueri;SP;6454000;contact@z7logistics.com;1428-0624;6;25;2034
BRASIL;Z7 Logistics Ltda;44159855000135;Alameda Rio Negro, nº 503, sala 2020 - Alphaville;Barueri;SP;6454000; gustavoskiadv@outlook.com;1428-0624;6;25;2034
BRASIL;COMANDO LOG TRANSPORTES LTDA;24315867000102;ROD JOSE SARTORELLI Nº 2105;Boituva;SP;18555225;DAIANI@COMANDOLOGISTICA.COM.BR;1520-1025;10;31;2035
BRASIL;Indaia Tanktainer Logística Transportes E Comércio Ltda;10761431000124;Rodovia Gastão Dal Farra, S/N, KM 4, Condomínio Verbena - Jardim Aeroporto;Botucatu;SP;18605525;raphael@indaiatanktainer.com;1369-0823;8;31;2033
BRASIL;One Moving & Logistics Eireli;9070606000178;Rua José Lopes, 284, Parque Industrial Araucária;Caieiras;SP;7747150;thais.adm@bazaldocontabil.com.br;1132-1220;12;16;2030
BRASIL;Rbm - Recuperadora Brasileira De Metais Ltda;12698756000135;Rua Ictiolo Augustinelli,  Nº 563, Parque Industrial Araucárea - Laranjeiras;Caieiras;SP;7747050;contabilidade@rbm.net.br;0795-1016;10;10;2026
BRASIL;Fast Shop Logistics Ltda;41602496000150;V AC RODOVIA ANHHANGUERA, KM 37,5 (VIA DE ACESSO NORTE, KM 38, 420) S/N GALPAO 01 MODULO 10 BLOCO B FUNDO - BAIRRO EMPRESARIAL GATO PRETO (JORDANÉSIA);Cajamar;SP;7789100;paralegal@fastshop.com.br;1240-0422;4;20;2032
BRASIL;Future Cargo Transporte Ltda;13719780000176;RUA PEDRO STANCATO, 941, CONJ. B. BAIRRO -  CHACARAS CAMPOS DOS AMARAIS;Campinas;SP;13082050;felipe.reginaldo@futurecargo.com.br;1043-1119;11;27;2029
BRASIL;Future Otm Ltda;39431640000191;RUA PEDRO STANCATO Nº 941 - CONJUNTO D - CH. CAMPOS DOS AMARAIS;Campinas;SP;13082050; felipe.reginaldo@futurelog.com.br;1134-1220;12;31;2030
BRASIL;Flexitank Logística Do Brasil Ltda;33930047000103;Av. Antonio Artioli, 570,  Edifício Andermatt, salas 210/212 - Bairro Swiss Park;Campinas;SP;13049900;newton.righi@flexitank.com;1095-0720;7;30;2030
BRASIL;Intertransfruit Cargas Nacionais E Internacionais Ltda;3304310000198;Rua Dr. José Pinto de Moura, nº 80, sl. 84 - Jardim Novo Botafogo;Campinas;SP;13070210;marcelo@intertransfruit.com.br;0953-1018;10;19;2028
BRASIL;Air Express Fermac Assessoria E Consultoria Em Logística E Transportes Ltda;17980416000116;Rua Barão Geraldo de Rezende, nº 295 - Vila Itapura;Campinas;SP;13020440;ceidi@contabilidadeprime.com.br;0769-0616;6;24;2026
BRASIL;Baska Assessoria, Serviços E Comissários Aduaneiros Ltda;54669221000186;Rua Doutor Pinto Ferraz, nº 1000, Bairro São Bernardo;Campinas;SP;13030500;ramos@baska.com.br;0060-0505;7;8;2025
BRASIL;Bvt Cargo - Logística E Desembaraço Aduaneiro Ltda;4361599000140;RUA BARÃO DE PARANAPANEMA, 146 BL. B SALA .21 E 22  BAIRRO - BOSQUE;Campinas;SP;13026010;is@bvtcargo.com.br;0647-1014;10;13;2024
BRASIL;Bvt Cargo - Transporte Rodoviário Ltda;31389792000161;Rua Uruguaiana, 1440, sala 21/22 - Bosque;Campinas;SP;13026010;fs@bvtcargo.com.br;0992-0619;6;12;2029
BRASIL;Camp-Frio Transportes Ltda.;54819966000184;Rua Erasmo Braga, nº 1211 -  Castelo;Campinas;SP;13070147;administrativo@campfrete.com.br;0097-0805;8;17;2015
BRASIL;Cronos Logística Ltda;38444081000191;Rua Doutor Alberto Franco Lamunier, nº 1584, Parque Via Norte;Campinas;SP;13065531;gustavoskiadv@gmail.com;1318-0123;1;5;2033
BRASIL;Moeda Agenciamento De Cargas Ltda;7985267000124;Rua Barão de Paranapanema nº. 146 - Conjunto A/34 - Bosque;Campinas;SP;13026900;internacional@moeda.com.br;0252-0807;7;30;2028
BRASIL;Mc Tech Transporte Rodoviário De Cargas Ltda;9351138000100;Avenida John Dalton, nº 92 - Módulo 03 sala 01 - condomínio Techno Park;Campinas;SP;13069330;ruijr@mctech-trans.com.br;0739-0116;1;22;2026
BRASIL;M&S Logistics Do Brasil Organização Logística De Transporte De Carga Ltda;37354295000104;AV. ANTONIO ARTIOLI, Nº 570, SALA 13 E 15, ED. FILMES B1 - SWISS PARK;Campinas;SP;13049900;evandro.correa@mslogisticsltd.com;1165-0521;5;26;2031
BRASIL;Levu Transporte Aéreo E Logística De Cargas S/A;46416494000190;RODOVIA SANTOS DUMONT, KM 66 S/N, PARQUEE VIRACOPOS;Campinas;SP;13052901;R.PACHECO@LEVUAIRCARGO.COM;1361-0723;7;10;2033
BRASIL;Tradeways Ace Serviços E Transportes Ltda;74649427000151;Rua Barão de Paranapanema, 146, Bloco A, 9º andar, Conj. 93/94 - Bosque;Campinas;SP;13026010;estevam@acetradeways.com.br;0235-0407;9;13;2029
BRASIL;Trans War Transportes Ltda;57695405000109;Av. Ricardo Bassoli Cezare - nº 3.850 - Jardim das Bandeiras;Campinas;SP;13050080;ssoave@transwar.com.br;0786-0716;7;28;2026
BRASIL;Transportadora Barbarense Ltda;57189367000112;RUA MÁRIO ERBOLATO, Nº 684, PARQUE SANTA BARBARA;Campinas;SP;13064620;juscelino.martins@tblogistica.com.br;0457-1011;10;6;2021
BRASIL;Tms Galdino Transportes Ltda - Epp;15274275000190;Rua Francisco Ceará Barbosa nº 260 - Chácara Campos dos Amarais;Campinas;SP;13082030;gilberto.junior@tmsgaldino.com.br;0663-0215;2;11;2025
BRASIL;AMALOG SOLUÇÕES LOGÍSTICAS LTDA;34381823000126;RUA LAZARO BIBIANO DA SILVA Nº 87;Campinas;SP;13069101;contato@amalog.com.br;1482-0325;3;27;2035
BRASIL;Wv Log Transporte De Cargas Eireli;37804422000120;RUA JOSE LUIZ CAMARGO MOREIRA, 33, APTO.51, BLOCO 2  - BAIRRO MANSÕES SANTO ANTONIO;Campinas;SP;13087511;gcabau@gmail.com;1111-0920;9;18;2030
BRASIL;JOSÉ ZANETTI JUNIOR;19215272000137;Rua Dino Boldrini, nº 388;Cordeirópolis;SP;13490174;jr.zanetti@grupozanetti.com.br;0692-0715;6;16;2035
BRASIL;Veríssimo Logística Ltda;1142882000192;Rua Philip Leiner, nº 100 - Parque Alexandre;Cotia;SP;6714285;rosi@verissimologistica.com.br;0853-0817;8;3;2027
BRASIL;Partumlog Transportes E Logística Ltda;32818709000195;Rua Santa Mônica, 281, bloco C - Parque Industrial San José;Cotia;SP;6715865;paulo.gasparo@paxbr.com.br;1021-0919;9;24;2029
BRASIL;Mtf Transportes E Terminais Ltda;2245727000164;Rua José Vicente nº 183 - Sítio Cafezal;Cubatão;SP;11505019;h.rolan@mtf.com.b;0128-1005;12;2;2025
BRASIL;Mtf Transportes E Terminais Ltda;2245727000164;Rua José Vicente nº 183 - Sítio Cafezal;Cubatão;SP;11505019; juridico@mtf.com.br;0128-1005;12;2;2025
BRASIL;Mtf Transportes E Terminais Ltda;2245727000164;Rua José Vicente nº 183 - Sítio Cafezal;Cubatão;SP;11505019; s.thomz@mtf.com.br;0128-1005;12;2;2025
BRASIL;Mtf Transportes E Terminais Ltda;2245727000164;Rua José Vicente nº 183 - Sítio Cafezal;Cubatão;SP;11505019; Alessandro@mtf.com.br;0128-1005;12;2;2025
BRASIL;Via Mestra Intermodal Ltda;10344209000126;Travessa José Vicente, nº 13 - sala 2 - Sítio Cafezal;Cubatão;SP;11505019;deise.jenny@mtf.com.br;0674-0515;5;12;2025
BRASIL;Santos Logistics Brasil Eireli;4356815000169;Rua Jose Maria Ruivo, s/n - Jardim Casqueiro;Cubatão;SP;11533070;financeiro@slblogistics.com.br;0962-0119;1;9;2029
BRASIL;Cesari Empresa Multimodal De Movimentação De Materiais Ltda;1527330000100;Av. Plínio de Queiróz s/nº - Jardim São Marcos;Cubatão;SP;11570000;augusto.amatussi@cesari.com.br;0359-1209;12;4;2019
BRASIL;Cesari Empresa Multimodal De Movimentação De Materiais Ltda;1527330000100;Av. Plínio de Queiróz s/nº - Jardim São Marcos;Cubatão;SP;11570000; francisco.amatussi@cesari.com.br;0359-1209;12;4;2019
BRASIL;Ceslog - Cesari Logística Ltda;6235812000100;Rua Claudino Domingues Graça, nº 831 - Jardim das Indústrias;Cubatão;SP;11570100;francisco@cesari.com.br;0813-1216;12;16;2026
BRASIL;Veloce Logistica S.A.;10299567000164;AV. LUIG PAPAIZ, 239 - BLOCO ADMINISTRATIVO 1º PISO - JARDIM DAS NAÇÕES;Diadema;SP;9931610;mirella@ntc.org.br;1013-0919;9;4;2029
BRASIL;Transyoki - Transportes Yoki Ltda;62087309000118;Avenida Presidente Juscelino, nº 1256, Pátio - Bairro:Piraporinha;Diadema;SP;9950370;jursbc1@yoki.com.br;0541-0113;1;15;2023
BRASIL;Neves Transportes E Logistica Ltda;5613421000101;RUA MANOEL DA NOBREGA N.735 CONJ 206 -  BAIRRO/DISTRITO CENTRO;Diadema;SP;9910720;qualidade@nevestransportes.com.br;1398-0124;1;15;2034
BRASIL;Nexus Armazenagem E Serviços Ltda - Epp;10233384000146;Avenida Deputado Oswaldo Morais e Silva, 55, G01 - Centro Empresarial ACTA - Imigrantes - Vila Conceição;Diadema;SP;9991190;paulo@nexuslog.com.br;0717-1015;10;8;2025
BRASIL;MABIMASTER TRANSPORTES LTDA;3344937000172;R AIMORES;Diadema;SP;9990310;FINANCEIRO@MASTERMIDIA.NET;1545-0726;7;13;2036
BRASIL;MABIMASTER TRANSPORTES LTDA;3344937000172;R AIMORES;Diadema;SP;9990310;antric.assessoria@gmail.com;1545-0726;7;13;2036
BRASIL;L&J MASTER CARGAS EXPRESS LTDA;9350202000138;RUA AIMORES, Nº 206, SALA 1;Diadema;SP;9990310;antric.assessoria@gmail.com;1546-0726;7;14;2036
BRASIL;Tpc Logistica Sudeste S.A;1544197000192;Rua Pasadena, 104, Condomínio San Jose -  Bosque Capuava;Embu das Artes;SP;6846095;fiscal@grupotpc.com;0995-0619;6;18;2029
BRASIL;Tecmar Transportes Ltda;1610798000156;RUA DA CONGREGAÇÃO, Nº 206 - GRAMADO;Embu das Artes;SP;6816005;mariacon.fera@gmail.com;1325-0123;1;31;2033
BRASIL;Tecmar Transportes Ltda;1610798000156;RUA DA CONGREGAÇÃO, Nº 206 - GRAMADO;Embu das Artes;SP;6816005; caio.pena@tecmartransportes.com.br;1325-0123;1;31;2033
BRASIL;Tag Mensageria Transportes E Serviçoes Ltda -Me;13970839000102;RUA JOSÉ SEMIÃO RODRIGUES AGOSTINHO N º 1.370 GALPÃO 14 E 15;Embu das Artes;SP;6833370;EDILAINE.SALES@TAGSERVICOS.COM.BR;0865-1017;10;5;2027
BRASIL;Camila H.D. Martins Transportes - Me;23266321000138;Rua Júpiter, nº 120 - Jardim Novo Embu;Embu das Artes;SP;6840100;glaubertogdosreis@hotmail.com;0798-1016;10;18;2026
BRASIL;Dalga Logística E Transportes Ltda - Me;4547874000114;AVENIDA JORGE ALFREDO CAMASMIE, Nº 441, PARQUE INDUSTRIAL RAMOS DE FREITAS;Embu das Artes;SP;6816050;fernando@rodogarcia.com.br;0516-0912;9;5;2022
BRASIL;Alexandre De Souza Costa;38481737000146;RUA LUIZ DEL NERO Nº 129 - APT. 12 - VILA LUIS ANTONIO;Guarujá;SP;11420300;alexandre.costa@asturiascargas.com.br;1154-0421;4;7;2031
BRASIL; MEATIMPEX LOGÍSTICA LTDA;41947595000174;AVENIDA AUREA GONZALEZ DE CONDE;Guarujá;SP;11454540;contabilidade@rasio.com.br;1508-0725;7;10;2035
BRASIL;INTER EXPRESSA TRANSPORTE MULTIMODAL LTDA;39446045000120;RUA XAPURI, Nº 1498 ;Guarulhos;SP;7240030;FJCONTAB@UOL.COM.BR;1511-0825;8;1;2035
BRASIL;Viktoria Cargas E Despachos Ltda;14187611000103;Rua Bezerra de Menezes, nº 581 - Jardim Tranquilidade;Guarulhos;SP;7051160;senadorcontabil@senadorcontabil.com.br;0774-0716;7;4;2026
BRASIL;BRASPRESS TRANSPORTES URGENTES LTDA;48740351000165;RODOVIA PRESIDENTE DUTRA, KM 222, 500, S/Nº;Guarulhos;SP;7180903;CONTABILIDADE@BRASPRESS.COM;1480-0325;3;24;2035
BRASIL;BRASPRESS TRANSPORTES URGENTES LTDA;48740351000165;RODOVIA PRESIDENTE DUTRA, KM 222, 500, S/Nº;Guarulhos;SP;7180903;brasilia@ntc.org.br;1480-0325;3;24;2035
BRASIL;GESANI POGGIANELLA TRANSPORTE DE CARGAS LTDA;7577114000148;Cidade de Guarulhos, Estado de São Paulo, na Av. Monteiro Lobato n° 4.550, Galpão n° 03, Asa 04;Guarulhos;SP;7180000;fernando.20091969@gmail.com;1483-0325;3;31;2035
BRASIL;Allores Logistica Multimodal Eireli;33810217000116;RUA JAGUARIUVA, 160 -  BAIRRO - CONJUNTO RESIDENCIAL PAES DE BARROS;Guarulhos;SP;7182170;andantlog@gmail.com;1077-0520;5;15;2030
BRASIL;Andant Logística Multimodal Ltda - Me;5503873000130;Rua Sargento da Aeronáutica Manoel Dias da Silva, nº 43 B - Cumbica;Guarulhos;SP;7181090;andantlog@gmail.com;0728-1115;11;4;2025
BRASIL;Aeroflex Cargo E Logística Eireli - Me;5529929000126;RUA JOAQUIM MIRANDA, Nº 90 - VILA AUGUSTA.;Guarulhos;SP;7023051;luisfernando@aeroflex-cargo.com;0650-1114;11;14;2024
BRASIL;Benfica Cargas E Logística Ltda;2038280000152;RUA CAMPOS SALES, Nº 100 - JARDIM CUMBICA;Guarulhos;SP;7180060;benficagru@benficacargas.com.br;0558-0513;5;20;2023
BRASIL;Amz Cargo Brasil Logistics Ltda;11566293000195;Rua Jamil João Zarif, nº 684, Galpão 03, Sala 02 - Jardim Santa Vicência;Guarulhos;SP;7143000;alberto@amzcargo.com.br;1334-0323;3;3;2033
BRASIL;Asian Company Transportes Ltda;3424341000182;AV. DIORAMA Nº 305 - CIDADE INDÚSTRIAL SATÉLITE DE SÃO PAULO;Guarulhos;SP;7223180;administracao@asiancompany.com.br;0324-0209;10;7;2029
BRASIL;Asn Brasil Logistica Ltda;74271727000140; AV MONTEIRO LOBATO 4550 - GALPAO 06 ASA 06 ANDA R 2 - CIDADE JARDIM CUMBICA;Guarulhos;SP;7180000;daniela.miller@asnbrasil.com.br;1368-0823;8;28;2033
BRASIL;At Transporte E Logística Ltda;20611012000160;Rua João Veloso da Silva, nº 839, sala 1 - Jardim Cumbica;Guarulhos;SP;7180010;vagner.tostes@webencomendas.com.br;0672-0415;4;29;2025
BRASIL;Aviat Cargo Express Transportes Ltda;17452926000110;AV. BOM CLIMA, 684 - JARDIM BOM CLIMA;Guarulhos;SP;7196220;EASANTOS.CONT@GMAI LCOM;1068-0320;4;3;2030
BRASIL;C Cargo Logística E Transportes Ltda;7546152000133;Rua Buritama, nº 117, Cidade Jardim Cumbica;Guarulhos;SP;7180170;cristianesoares1208@gmail.com;1437-0824;8;15;2034
BRASIL;Cargo Fly Transportes Multimodais Ltda;7157367000162;Rua Souza, 220, Jardim Santa Beatriz;Guarulhos;SP;7121170;fabio@cargofly.com.br;1374-0923;9;11;2033
BRASIL;Cargologis Soluções Logisticas Ltda;42220983000111;RUA ARI BARROSO, Nº 166, SALA 211 - JARDIM PINHAL;Guarulhos;SP;7120040;renato.feitoza@costabrasil.com.br;1231-0322;3;14;2032
BRASIL;Costeira Transportes E Serviços Ltda;48060297000107;Av. Lauro de Gusmão Silveira, 941 - Taboão;Guarulhos;SP;7140010;qualidade2@costeira.com.br;0053-0505;5;26;2025
BRASIL;Custom Brasil Transportes Multimodal Ltda;44797130000172;AV. NOVA TABOÃO, 427 - JARDIM NOVA TABOÃO;Guarulhos;SP;7141040;laercio@custombrasil.com;1265-0622;6;21;2032
BRASIL;Delphi Fretes Internacionais Eireli;24768036000188;RUA DO ROSARIO, Nº 260, SALA 91 - VILA CAMARGOS;Guarulhos;SP;7111080;felipe.teles@delphiforwarding.com;1251-0522;5;9;2032
BRASIL;Delphi Fretes Internacionais Eireli;24768036000188;RUA DO ROSARIO, Nº 260, SALA 91 - VILA CAMARGOS;Guarulhos;SP;7111080; contato@delphiforwarding.com;1251-0522;5;9;2032
BRASIL;Demmel Transportes E Logística Ltda;28985079000178;AV. PAPA JOÃO PAULO I - S/N LOTE GLEBA C - MODULO F DO GALPÃO 300 - RES. PARQUE CUMBICA;Guarulhos;SP;7174005;farmacia@spfly.com.br;1213-1221;12;17;2031
BRASIL;Doxs Logística Integrada Ltda;10329139000137;RUA ALMERIM, 100 - GALPÃO 10 E 11 - CIDADE TUPINAMBÁ;Guarulhos;SP;7263190;vanderlei@dox.com.br;1049-0120;1;27;2030
BRASIL;Dux Trucking Transportes E Logística Ltda;12136415000176;Estrada da Olária, 600 - Vila Pires;Guarulhos;SP;7271360;tammy.jimenez@go-dux.com;1342-0323;3;23;2033
BRASIL;Fintrans Transportes Ltda;8098211000110;RUA SARGENTO DA AERONÁUTICA SAMUEL RIBEIRO DE OLIVEIRA, Nº 132, FUNDOS - JARDIM CUMBICA;Guarulhos;SP;7182060;jneto@fintrans.com.br;1420-0524;5;14;2034
BRASIL;Fiorde Transportes E Armazéns Gerais Ltda;61102778000872;Rua Landri Sales, nº 893 - Cidade Aracilia;Guarulhos;SP;7250130;mauro@fiorde.com.br;1464-1224;12;30;2034
BRASIL;Fast Solution Logística Ltda;13407453000189;RUA ALMERIM, Nº 100, GALPÃO Nº 13, BAIRRO CIDADE TUPINANAMBÁ;Guarulhos;SP;7263190;eliseu@mtendolini.com.br;1430-0724;7;9;2034
BRASIL;Fast Solution Transportes Ltda;8975455000134;Rua Almerim, nº 100, Galpão 12 - Cidade Tupinambá;Guarulhos;SP;7263190;eliseu@mtendolini.com.br;1388-1123;11;9;2033
BRASIL;Fc Logistics & Transportes - Eireli;34292222000147;AV NATALIA ZARIF,660 - GALPAO08 SETOR C , BAIRRO JARDIM SAO GERALDO;Guarulhos;SP;7140040;freddy.cardenas@expressosofia.com.br;1276-0722;7;26;2032
BRASIL;Expresso Mirassol Ltda;52438082000154;Rua José Campanella, nº 578, Bairro Macedo;Guarulhos;SP;7112100;ricardo@rgem.com.br;0553-0313;4;18;2033
BRASIL;Expresso Mirassol Ltda;52438082000154;Rua José Campanella, nº 578, Bairro Macedo;Guarulhos;SP;7112100; fiscal@expressomirassol.com.br;0553-0313;4;18;2033
BRASIL;Extra Logística E Distribuição Ltda;2895964000170;RUA MANOEL ALONSO ALMENDRA, Nº 210, CONJUNTO RESIDENCIAL PAES DE BARROS - JARDIM CUMBICA;Guarulhos;SP;7182120;ricarevoredo@gmail.com;0422-1210;8;5;2034
BRASIL;Expresso Fiel Ltda;13762882000255;RUA DUQUE DE CAXIAS, Nº 64 - VILA NOSSA SENHORA DE FÁTIMA;Guarulhos;SP;9171010;qualidade@expressofiel.com.br;1232-0322;3;21;2032
BRASIL;Jomed Transportes E Logística Eireli;60319985000144;RUA JOÃO ALFREDO, Nº 70 - CIDADE INDUSTRIAL SATÉLITE DE SÃO PAULO;Guarulhos;SP;7224120;comercial@jomedlog.com.br;1217-1221;12;30;2031
BRASIL;Jomed Transportes E Logística Eireli;60319985000144;RUA JOÃO ALFREDO, Nº 70 - CIDADE INDUSTRIAL SATÉLITE DE SÃO PAULO;Guarulhos;SP;7224120; farmaceutica@jomedlog.com.br;1217-1221;12;30;2031
BRASIL;Jwm Soluções Logísticas Ltda;909998000141;RUA QUELUZ, N 211 - CIDADE INDUSTRIAL SATÉLITE DE SÃO PAULO;Guarulhos;SP;7220050;eduardo@jwmlogistica.com.br;1411-0324;3;14;2034
BRASIL;Jwm Soluções Logísticas Ltda;909998000141;RUA QUELUZ, N 211 - CIDADE INDUSTRIAL SATÉLITE DE SÃO PAULO;Guarulhos;SP;7220050;daniele.biage@jwmtransportes.com.br;1411-0324;3;14;2034
BRASIL;Km Cargo Multimodal E Logística Ltda;5342379000131;Rua Estrela DOeste - nº 124 - módulos C1, C2 e C3 do bloco C - Jardim São Geraldo;Guarulhos;SP;7140030;marco.antonio@kmcargo.com.br;0374-0410;4;15;2031
BRASIL;Km Multimodal Transportadora E Logistica Ltda;10524538000159;AVENIDA MONTEIRO LOBATO Nº 4.550 - GALPÕES 04/05 - ASA 6 - CUMBICA;Guarulhos;SP;7180000;marco.antonio@kmcargo.com.br;0567-0713;7;17;2023
BRASIL;Intermodal Brasil Logística Ltda;3558055000100;Rua Manoel Borba Gato, nº 100 - Ed. I - Vila Sayago;Guarulhos;SP;7044220;debora.morais@ibllogistica.com.br;0806-1116;11;22;2026
BRASIL;Intermodal Future Logistica Ltda;14702354000192;RUA MANOEL BORBA GATO, 100 - SALA 30 - VILA SAYAGO;Guarulhos;SP;7044220;leila.lima@ibllogistica.com.br;0837-0617;6;19;2027
BRASIL;Jatex Transportes Ltda;39124797000174;Rua Angatuba, nº 119, antigo 135 - Cidade Industrial Satélite;Guarulhos;SP;7220030;gestão@jatex.com.br;0784-0716;7;28;2026
BRASIL;Haidar Transportes E Logística Ltda;8455211000120;Avenida Venturosa, 1143 Jardim Cumbica;Guarulhos;SP;7240000;fhf@haidar.com.br;1372-0923;9;8;2033
BRASIL;Gat Logística Ltda;8165642000152;Estrada Velha Guarulhos-São Miguel, 3.241 - Galpão 1, box 55 a 81, galpaõ 2, box 82 a 108 -  Jardim Arapongas;Guarulhos;SP;7210250;fiscal@gatlogistica.com.br;1052-0120;1;28;2030
BRASIL;G-Con Transportes E Logística Eireli;10529487000158;RODOVIA FERNÃO DIAS, 201, KM 88,5, BLOCO 03, GALPÃO 10 - VI, SÃO RAFAEL;Guarulhos;SP;7053171;lucas@contabilidadetotal.com;1192-0821;8;23;2031
BRASIL;Taglit Locações De Veículos Eireli;23018893000106;RUA PRESIDENTE PRUDENTE, Nº 271, CONJ. 04, SALA 3, ANDAR 2 - JARDIM SÃO PAULO;Guarulhos;SP;7110140;qualidade@kgtlog.com.br;1153-0421;4;6;2031
BRASIL;Tecnolog Transporte Rodo Aéreo E Logística Ltda;60541240000125;Rua Sisa nº 178 - Cidade Industrial;Guarulhos;SP;7221030;contabilidade@tecnolog.com.br;0841-0617;6;27;2027
BRASIL;T.H.S Transporte E Logística Ltda;7890229000198;RUA SISA, Nº 178, CONJUNTO 01 - SALA 08 - CIDADE INDUSTRIAL SATÉLITE DE;Guarulhos;SP;7221030;FISCAL@THSCARGO.COM.BR;1022-0919;9;30;2029
BRASIL;S.P. Cargo Transportes E Depósito De Materiais Ltda;1320674000136;Av. Monteiro Lobato, 4550, Galpão 20B - ASA 01, Airport Town Business Park - Cidade Jardim Cumbica;Guarulhos;SP;7180000;alexandre.henrique@sgulmarcontabilidade.com.br;1141-0221;2;5;2031
BRASIL;Sorela Cdb Ltda;54556513000102;RUA LAGOA Nº 511 - CIDADE INDUSTRIAL SATÉLITE DE SÃO PAULO;Guarulhos;SP;7232152;sorela.adm@gmail.com;1434-0724;7;26;2034
BRASIL;Sabugi Logística Ltda;44804185000162;Rua Urbano Santos, 387 - Jardim Castanha;Guarulhos;SP;7182320;ulisses@sabugi.com.br;1292-0922;9;20;2032
BRASIL;Rodoviario Shalloon De Guarulhos Logistica E Transportes Ltda;19558802000140;AV NOVO BRASIL 861 - LOTE 1/2/P22 QUADRA 11 - CIDADE INDUSTRIAL SATÉLITE DE SÃO PAULO;Guarulhos;SP;7221010;FRANCISCO.CALIXTO@SHLOGTRANSPORTES.COM.BR;1367-0823;8;18;2033
BRASIL;Rodoviario Shalloon De Guarulhos Logistica E Transportes Ltda;19558802000140;AV NOVO BRASIL 861 - LOTE 1/2/P22 QUADRA 11 - CIDADE INDUSTRIAL SATÉLITE DE SÃO PAULO;Guarulhos;SP;7221010;FRANCISCO.CALIXTO@SHLOGTRANSPORTES.COM.BR;1367-0823;8;18;2033
BRASIL;Trans - Lume Transporte E Logística Ltda;62355789000150;RUA ESTRELA DO OESTE Nº 124 - GALPÃO 18 - JARDIM SÃO GERALDO;Guarulhos;SP;7140030;GUILHERME.MARQUES@TRANSLUME.COM.BR;1038-1119;11;20;2029
BRASIL;Transportadora Belmok Ltda.;35960202000160;Avenida Lindomar Gomes de Oliveira nº 1143 - Cidade Ind. Sat. de São Paulo;Guarulhos;SP;7232150;belmok@belmok.com.br;0548-0313;3;8;2023
BRASIL;Unicargo Transportes E Cargas Ltda;3271852000101;Rua Sanclerlandia, nº 167 - Cidade Indl Satélite;Guarulhos;SP;7224140;fiscal@unicargo.com.br;0648-1114;11;13;2024
BRASIL;Via Mundo Transaéreo Transportes Ltda;18997640000183;Rua Brazapolis, nº 60, Cidade Industrial Satélite de São Paulo;Guarulhos;SP;7223090;GRIS@VIAMUNDOTRANSPORTES.COM.BR;1458-1224;12;13;2034
BRASIL;Versa Logistica Integrada Ltda;8031404000154;Rua Italiana, 77 - Vila Endres;Guarulhos;SP;7043050;railton@versalogistica.com.br;1055-0220;2;5;2030
BRASIL;Vcl Serviços, Transportes E Logística Ltda;26862786000140;AVENIDA NATÁLIA ZARIF, Nº 660, GALPÃO 5, SALA 2 - JARDIM SÃO GERALDO;Guarulhos;SP;7140040;mariacon.fera@gmail.com;1406-0224;2;6;2034
BRASIL;Vcl Serviços, Transportes E Logística Ltda;26862786000140;AVENIDA NATÁLIA ZARIF, Nº 660, GALPÃO 5, SALA 2 - JARDIM SÃO GERALDO;Guarulhos;SP;7140040;DAVIDSON@FCBLOG.COM.BR;1406-0224;2;6;2034
BRASIL;Mundial Logística Integrada Ltda;5075152000177;ESTRADA VELHA GUARULHOS - SÃO MIGUEL - Nº 1971 - JD. ARAPONGAS;Guarulhos;SP;7210250;JURIDICO@MUNDIALLOGISTICS.COM.BR;1413-0424;4;2;2034
BRASIL;Pizzato & Pizzato Transportes De Cargas Ltda;10198659000239;RUA GUAPORE, Nº 190 - VILA IZINHA;Guarulhos;SP;7044230;ludian@grupogiacomazzi.com.br;1185-0721;7;26;2031
BRASIL;Parcel Handling Express Agenciamento De Cargas Brasil Ltda;29187711000107;Rua Itaverava, 84, Térreo - Camargos;Guarulhos;SP;7111040;flavia.ora@phxclinical.com;1029-1019;10;11;2029
BRASIL;Petony Transportes Ltda - Me;8375242000171;Rua Conego Valadão, nº 884 - Gopouva;Guarulhos;SP;7040000;diniz2010@terra.com.br;0955-1118;11;22;2028
BRASIL;R.V. Ímola Transportes E Logística Ltda;5366444000169;AVENIDA LAURO DE GUSMÃO SILVEIRA, 479 - JARDIM SÃO GERALDO;Guarulhos;SP;7140010;rvtransportes@rvimola.com.br;0372-0310;5;18;2030
BRASIL;Pronto Cargo Rodo Ltda;50791887000151;RUA ESTRELA DO OESTE Nº 124, SALA 7 - BAIRRO JD SÃO GERALDO;Guarulhos;SP;7140030;CESAR@ACCONFISN.COM.BR;1459-1224;1;2;2035
BRASIL;Rgf Cargo Express Transportes Ltda - Me;23641864000198;Rua José Bonifácio, 147 - Vila Renata;Guarulhos;SP;7056020;roseli@rgfcargo.com.br;0979-0419;4;18;2029
BRASIL;RDP TRANSPORTES E LOGÍSTICA LTDA;9498335000156;RODOVIA PRESIDENTE DUTRA;Guarulhos;SP;7210000;nilsontazinazo@cnlog.com.br;1244-0422;4;28;2032
BRASIL;RDP TRANSPORTES E LOGÍSTICA LTDA;9498335000156;RODOVIA PRESIDENTE DUTRA;Guarulhos;SP;7210000;rosana@cnlog.com.br;1244-0422;4;28;2032
BRASIL;Restitui Logística E Transportes Eireli;7782318000110;Rua Jamil João Zarif, 684, Unidade 10 -  Jardim Santa Vicência;Guarulhos;SP;7143000;rogerio@restituitransp.com.br;1054-0220;2;5;2030
BRASIL;Mrf Logística E Transportes Ltda;39366272000145;RUA PAULO STEOLA Nº 150 - GALPÃO 7 - SALA 1 - JARDIM SANTA FRANCISCA;Guarulhos;SP;7034040;raquel@mrflogistica.com.br;1454-1124;11;25;2034
BRASIL;Mirassol Logística Ltda;14937348000114;RUA JOSÉ CAMPANELLA Nº 578 - AREA UNE 80 PA - MACEDO;Guarulhos;SP;7112100;celso.filho@grupomirassol.com.br;1343-0323;3;31;2033
BRASIL;Leadership Freight Do Brasil Agenciamento Logistico Ltda;3776089000170;Rua Barão de Mauá, nº 450, Sala 508 - Centro;Guarulhos;SP;7012040;juridico@fcnaccounting.com;0867-1017;10;26;2027
BRASIL;Lfg Do Brasil Ltda;11807198000136;Avenida Carmela Dutra, 180, Bloco: unidade 17-  Galpão: CLG Centro Logístico Guarulhos - Jardim Presidente Dutra;Guarulhos;SP;7170150;fiscal@leadershipfreight.com;1053-0220;2;3;2030
BRASIL;Langbehn Log Transportes E Logística Ltda;24620388000191;AVENIDA NATÁLIA ZARIF, 660, GALPÃO 5, SALA 03,  JARDIM SÃO GERALDO;Guarulhos;SP;7140040;viviane.castelan@fcblog.com.br;1403-0124;1;29;2034
BRASIL;Langbehn Log Transportes E Logística Ltda;24620388000191;AVENIDA NATÁLIA ZARIF, 660, GALPÃO 5, SALA 03,  JARDIM SÃO GERALDO;Guarulhos;SP;7140040; mariacon.fera@gmail.com;1403-0124;1;29;2034
BRASIL;Life Cargo Transporte E Logística Ltda;11835127000147;RUA ESTRELA DO OESTE, Nº 124, BLOCO D4 / D5;Guarulhos;SP;7140030;saude@lifecargo.com.br;0725-1115;8;5;2036
BRASIL;Life Cargo Transporte E Logística Ltda;11835127000147;RUA ESTRELA DO OESTE, Nº 124, BLOCO D4 / D5;Guarulhos;SP;7140030;financeiro3@lifecargo.com.br;0725-1115;8;5;2036
BRASIL;LOCAR GUINDASTES E TRANSPORTES INTERMODAIS S.A.;43368422000127;Rua João Pedro Blumenal, nº 300 ;Guarulhos;SP;7224150;claudia.antonio@locar.com.br;0899-0418;4;5;2028
BRASIL;LOCAR GUINDASTES E TRANSPORTES INTERMODAIS S.A.;43368422000127;Rua João Pedro Blumenal, nº 300 ;Guarulhos;SP;7224150;jose.martines@locar.com.br;0899-0418;4;5;2028
BRASIL;LSLOG ARMAZENAGEM  E LOGISTICA LTDA;7259339000156;Avenida Julia Gaiolli, nº 740, Galpão T 400;Guarulhos;SP;7251500;mauricio@lslog.com.br;1163-0521;5;26;2031
BRASIL;LSLOG ARMAZENAGEM  E LOGISTICA LTDA;7259339000156;Avenida Julia Gaiolli, nº 740, Galpão T 400;Guarulhos;SP;7251500;tatiane@lslog.com.br;1163-0521;5;26;2031
BRASIL;Logservice Brasil Transportes Ltda;31750496000144;RUA SIMÃO PEREIRA, 131 - CID. IND. SATÉLITE DE SÃO PAULO;Guarulhos;SP;7233140;comercial@logservicebrasil.com.br;1017-0919;9;23;2029
BRASIL;Shiplog Transportes Ltda;30010218000198;RUA CEARÁ Nº 334 - JARDIM SÃO JORGE;Hortolândia;SP;13183310;EVANDRO@SHIPLOG.COM.BR;1126-1120;11;20;2030
BRASIL;Ever Express Transportes E Armazéns Gerais Ltda;13982346000184;Rua Pérola, nº  200 - Galpão 01 - Módulo 04B - Jardim Santa Esmeralda;Hortolândia;SP;13186546;eliane.lima@everexpress.com.br;1143-0221;2;24;2031
BRASIL;Farma Logística E Armazéns Gerais Ltda;4019475000180;Avenida Portugual, nº 1.100, Parte A-2 - Itaqui;Itapevi;SP;6696060;paralegal.corporativo@luft.com.br;0626-0714;7;16;2024
BRASIL;Intec - Integração Nacional De Transportes De Encomendas E Cargas Ltda;52134798000168;Avenida Portugal, nº 1100, Parte B2 - Itaqui;Itapevi;SP;6696060;paralegal.corporativo@luft.com.br;0737-0116;1;22;2026
BRASIL;Lotte Comercial E Logística Ltda;4212218000160;RODOVIA CEL. PM. NELSON TRANCHESI, 1730, ARMAZEM 9,  SALA 2, ITAQUI;Itapevi;SP;6696110;edu@lottelogistics.com.br;1400-0124;1;17;2034
BRASIL;Buick Logística E Transportes Ltda;73089617000107;RODOVIA PRESIDENTE CASTELO BRANCO  - KM 79,3 - S/N - GALPÃO 1 - PARTE- CITY CASTELLO;Itu;SP;13308700;MARCOSVARELAS@CONCEITOSCONSULTORES.COM.BR;1004-0719;7;11;2029
BRASIL;Expresso Fiel Ltda ;13762882000174;AVENIDA JOSÉ PEREIRA DE ANDRADE, Nº 507;Jacareí;SP;12328290;qualidade@expressofiel.com.br;1148-0321;3;23;2031
BRASIL;Orionx Transportes E Logística Ltda;42970999000141;RUA ORLANDO MOTTA, Nº 150 - JARDIM ALVORADA;Jandira;SP;6612260;gustavoskiadv@outlook.com;1233-0322;3;21;2032
BRASIL;Newport Do Brasil Ltda.;4654989000108;Av. Prefeito Luiz Latorre, 4042, 2º andar - Bairro Vila das Hortências;Jundiaí;SP;13209430;newton.righi@newporttank.com;0442-0711;7;4;2021
BRASIL;United World Line Do Brasil Operadora Multimodal Ltda;13000000000000;Avenida Prefeito Luis Latorre, nº 4043;Jundiaí;SP;13209430;adm.sam@shipuwl.com;0829-0317;3;27;2027
BRASIL;Expresso Jundiaí São Paulo Ltda;50935436000140;Avenida Antonio Frederico Ozanam, nº 6.200, Vila Rio Branco;Jundiaí;SP;13215276;diretoria@expressojundiai.com.br;0115-0805;8;23;2015
BRASIL;Glencane Bioenergia S.A.;68316801000102;ESTRADA MUNICIPAL JUNQUEIRÓPOLIS- SALGADO FILHO, S/Nº - TAQUARUSSU;Junqueirópolis;SP;17890000;evelin.estrambek@usinariovermelho.com.br;0590-1013;10;25;2023
BRASIL;Empresa De Transportes Covre Ltda;51485274000159;Rod. Anhanguera Km 147,5 - Bairro do Ferrão;Limeira;SP;13486199;adm@covre.com.br;0145-1005;10;25;2015
BRASIL;LOGPLAN LOGÍSTICA E PLANEJAMENTO LTDA;321584000105;Rodovia Deputado João Hermann Neto, nº 705 - lado esquerdo;Limeira;SP;13480000;marcio@logplan.com.br;0051-0405;5;8;2035
BRASIL;LOGPLAN LOGÍSTICA E PLANEJAMENTO LTDA;321584000105;Rodovia Deputado João Hermann Neto, nº 705 - lado esquerdo;Limeira;SP;13480000;comercial@sbdespachos.com.br;0051-0405;5;8;2035
BRASIL;Send Express Entregas Rápidas Ltda;67174185000121;Rua Reverendo José Teixeira Rego nº 73 - Jardim Bógus;Mauá;SP;9340270;comercial@sendexpresstransportes.com.br;1418-0424;4;15;2034
BRASIL;BRASMEG ARMAZEM GERAL LTDA;19504553000100;AV PAPA JOAO XXIII 3114;Mauá;SP;9370800;MARCOS@BRASMEG.COM.BR;1539-0526;5;11;2036
BRASIL;BRASMEG TRANSPORTES LTDA;13520755000169;AV PAPA JOAO XXIII, 3114 - GALPAO01 SALA 01;Mauá;SP;9370800;MARCOS@BRASMEG.COM.BR;1540-0526;5;13;2036
BRASIL;Bureau Brasil Consultoria Ltda;15136125000110;RUA CAROLINA PERNA ANDREOZZI, 44 - VILA DA PRATA;Mogi das Cruzes;SP;8725405;itaIo@bbrad.com.br;1048-0120;1;27;2030
BRASIL;Strategic Transportes Multimodais & Logística Ltda;18023962000121;Estrada Municipal Elvira Martinez Canales - nº 701 - Jardim Chapadão;Monte Mor;SP;13190000;celson@strategiclog.com.br;0840-0617;6;27;2027
BRASIL;Aerosoft Cargas Aéreas Ltda;1014373000184;Rua Amadeu Consolin nº 104 - Jardim Primavera;Morungaba;SP;13260000;airton@aerosoftcargas.com.br;0088-0605;1;23;2027
BRASIL;Click - Rodo Entregas Ltda;15121491000953;AVENIDA HENRY FORD Nº 643 - GALPÃO B - PRESIDENTE ALTINO;Osasco;SP;6210108;ICO@ZRADV.COM.BR;1284-0822;8;23;2032
BRASIL;Emj Transportes E Logística Ltda;7284039000127;Avenida Luis Rink, nº 200/220 - Ayrosa;Osasco;SP;6290150;evenor@emjtransportes.com.br;0722-1015;10;26;2025
BRASIL;Direct Express Logística Integrada S.A;5886614000136;Av. Henry Ford, 643,  Parte - Presidente Altino;Osasco;SP;6210108;adriana.msilva@b2wdigital.com;0886-0218;2;7;2028
BRASIL;Séculos Transportes Sensíveis Ltda;669395000110;RUA ERASMO BRAGA Nº 498 - PRESIDENTE ALTINO;Osasco;SP;6213005;J.SIDNEY@SECULOSTRANSPORTES.COM.BR;0583-0913;9;17;2023
BRASIL;Transparaguay Transportes Rodoviários Ltda;60910775000126;RUA ÁGUAS DA PRATA 519 - ROCHDALE;Osasco;SP;6223200;saopaulo@transparaguay.com;0295-0508;3;22;2028
BRASIL;Mercado Envios Serviços De Logística Ltda;20121850000155;Av. das Nações Unidas, nº 3000-3003, parte C - Bonfim;Osasco;SP;6233903;bruno.mathias@mercadolivre.com;0918-0818;8;21;2028
BRASIL;Ramos & Ribeiro Comercio Exterior Ltda;36674010000150;RUA ANISIO BERNIZ - 212 - PESTANA;Osasco;SP;6122050;CONTATO@RERCOMEX.COM.BR;1092-0720;7;17;2030
BRASIL;Almeida Silva Do Brasil Eireli;29425065000160;RUA DOUTOR CAIO MIZUBUTI, Nº 551 - BAIRRO VILA SOARES;Ourinhos;SP;19906520;presidencia@sindicamourinhos.com.br;1107-0920;9;4;2030
BRASIL;Bortolini Transportes Ltda - Epp;9558301000100;Via Antonio de Oliveira nº 359 - Paulas e Mendes;Piedade;SP;18170000;transportes@grupobortolini.com;0540-0113;1;11;2023
BRASIL;Ynova Soluções Multimodais Ltda;46961303000171;AV DOUTOR FRANCISCO LESSA JUNIOR Nº 1900 SALA 15 PAVMTO1 - BAIRRO/DISTRITO JARDIM RESIDENCIAL DOUTOR LESSA;Pindamonhangaba;SP;12422531;qualidade.sgi@ynova.com.br;1346-0423;4;19;2033
BRASIL;Ynova Transportes E Logistica Ltda;21329965000100;AV. INDEPENDENCIA, Nº 1089 - CIDADE NOVA;Pindamonhangaba;SP;12414240;qualidade.sgi@ynova.com.br;1164-0521;5;26;2031
BRASIL;Glovis Brail Logística Ltda;13272177000199;AV. HYUNDAI, Nº 905 - ÁGUA SANTA;Piracicaba;SP;13413500;marcio.rodarte@glovis.com.br;1202-1121;11;16;2031
BRASIL;Martins Despachos E Assessoria Em Logística Eireli;9341293000145;Rua Foz do Iguaçu, n.º 351, 1º Andar - Bairro Vila Lúcia;Poá;SP;8557710;antoniofu@martinslog.com;1129-1220;12;10;2030
BRASIL;Martins Despachos E Assessoria Em Logística Eireli;9341293000145;Rua Foz do Iguaçu, n.º 351, 1º Andar - Bairro Vila Lúcia;Poá;SP;8557710; sabrina.santos@martinslog.com;1129-1220;12;10;2030
BRASIL;Mlog Armazém Geral Ltda.;5117268000121;Av. 80-A, 777, Setor FDC/B - Bairro Distrito Industrial;Rio Claro;SP;13506095;GCG-TAX_INDIRETOS-USP@WHIRLPOOL.COM;0964-0119;4;6;2036
BRASIL;Fischer & Rechsteiner Do Brasil Logística S.A;22073054000110;RUA 07, Nº 192, SALA 01 - CENTRO;Rio Claro;SP;13500143;l.fagan@ferfreigtht.com.br;1138-0121;1;13;2031
BRASIL;Fast Airlog Transportes E Logística Ltda;35547205000176;Rua Rússia, n°494, Sala 04 - Jardim Planalto;Salto;SP;13322230;financeiro@fastairlog.com.br;1336-0323;3;10;2033
BRASIL;M.R.T. Sistemas Logísticos Ltda;3006712000106;Rua Japão, nº 280, sala 07 - Jardim São Luiz;Santana de Parnaíba;SP;6502345;manueldias@mrtlogistica.com.br;0943-1018;10;17;2028
BRASIL;Pontocom Services Ltda;4020515000104;Rua Lua Crescente, n° 121 - sala 08;Santana de Parnaíba;SP;6529017;ricardocaldeira@aerosoftcargas.com.br;0721-1015;10;22;2025
BRASIL;LISBETEL TRANSPORTES E LOGÍSTICA LTDA;3496334000196;RUA VEREDA TROPICAL, Nº 186;Santana de Parnaíba;SP;6513100;LISBETEL@LISBETEL.COM.BR;1543-0626;6;24;2036
BRASIL;LISBETEL TRANSPORTES E LOGÍSTICA LTDA;3496334000196;RUA VEREDA TROPICAL, Nº 186;Santana de Parnaíba;SP;6513100;antric.assessoria@gmail.com;1543-0626;6;24;2036
BRASIL;TORKS TRANSPORTES LTDA;4184178000190;RUA VEREDA TROPICAL, 186 ;Santana de Parnaíba;SP;6513100;antric.assessoria@gmail.com;1542-0626;6;1;2036
BRASIL;Logfarma Distribuição E Serviços Ltda.;2376381000133;Rua Araçatuba nº 426 - Santa Maria;Santo André;SP;9071310;documentacao@logfarma.com.br;0871-1117;11;6;2027
BRASIL;Limaport Soluções Em Logistica Ltda;28492253000149;PRAÇA DO BARÃO DO RIO BRANCO - 14 CONJUNTO 23 SALA 01 - CENTRO;Santos;SP;11010040;OPERATIONS@LIMAPORT.COM;0870-1117;11;1;2027
BRASIL;Libra Terminal Valongo S.A.;8809288000151;RUA CAIS DO VALONGO , S/Nº - VALONGO;Santos;SP;11090000;gr.intermodal@grupolibra.com.br;0560-0513;5;23;2023
BRASIL;Logline Soluções Logísticas Integradas Ltda - Epp;19762315000102;Rua Alexandre Herculano, nº 197 - salas 906/907 - Gonzaga;Santos;SP;11050031;fmagalhaes@loglinelogistica.com.br;0912-0718;7;24;2028
BRASIL;M. Muniz Logística Ltda;5922371000144;Rua Doutor Manoel Tourinho, nº 26 - Macuco;Santos;SP;11015030;marcos@mmuniz-log.com.br;0616-0414;5;8;2034
BRASIL;Mariel Logística Ltda Epp;11005471000109;Rua João Paulo Deales Bernardo 107-A - Jardim Castelo;Santos;SP;11084440;claudileneburgos@grupomariel.com.br;0506-0812;8;31;2022
BRASIL;Maersk Logistics & Services Brasil Ltda;3598524000114;Av. Ana Costa, nº 288, Sala 132/133 141 a 144, Conj. 151 a 154;Santos;SP;11060000;fernando.camargo@maersk.com;0187-0506;12;10;2026
BRASIL;Maersk Logistics & Services Brasil Ltda;3598524000114;Av. Ana Costa, nº 288, Sala 132/133 141 a 144, Conj. 151 a 154;Santos;SP;11060000;TAX-BR@MAERSK.COM;0187-0506;12;10;2026
BRASIL;Mercosul Line Navegação E Logística Ltda;1341776000308;Alameda Armênio Mendes,  nº 66, 21º andar, salas 2104/2105/2106/2107;Santos;SP;11035260;mline@mercosul-line.com.br;0180-0406;3;31;2036
BRASIL;Msc Mediterranean Logística Ltda;8680888000162;Av. Ana Costa, 291, 2º andar, sala 21, Edifício Pallazo - Gonzaga;Santos;SP;11060917;br241-corporate@msc.com;0254-0807;7;14;2027
SUÍÇA;Msc Mediterranean Shipping Company S.A.;40410; Av. Ana Costa, 291, salas 11-12-21-22-31-41-42-51 e  52 - Ed. Palazzo (Filial Brasil);Santos;SP;11060917;mkt.spo@mscbr.com.br;0404-0810;4;17;2030
BRASIL;Msc Mediterranean Shipping Do Brasil Ltda;2378779000109;Avenida Ana Costa, nº 291- 4º andar - Gonzaga;Santos;SP;11060917;corporate@mscbr.com.br;0191-0606;5;5;2036
BRASIL;Msc Mediterranean Shipping Do Brasil Ltda;2378779000109;Avenida Ana Costa, nº 291- 4º andar - Gonzaga;Santos;SP;11060917;BR241-ADMLEGAL@MSC.COM;0191-0606;5;5;2036
BRASIL;Mshift System Gestão Logística E Assessoria Multimodal Ltda;13591547000150;Avenida Senador Feijó nº 686, Conjunto 623, Sala 15 - Vila Mathias - Caixa Postal nº 12;Santos;SP;11015504;washingtonsoares@mshiftsystem.com;0528-1112;5;13;2032
BRASIL;Mtf Consultoria E Assessoria Em Comércio Exterior Ltda;2134994000164;Rua Riachuelo, 66 conjunto 51 sala 01 - Centro;Santos;SP;11020010;deise@mtf.com.br;0082-0605;6;22;2015
BRASIL;Multifretes Transportes Ltda;42749306000195;RUA VISCONDE DO RIO BRANCO, Nº 02, SALA 91 B -  CENTRO;Santos;SP;11013030;martinsassessoria@uol.com.br;1366-0823;8;14;2033
BRASIL;Premium Logistics And Cargo Ltda - Epp;4190683000148;Praça Dom Idílio José Soares, 42 - conjunto 23 - Centro;Santos;SP;11013170;noschese@premiumlog.com.br;0100-0805;8;17;2015
BRASIL;Prime Br Transportes Ltda;45522553000142;RUA. VISCONDE DO EMBARÉ, Nº 230 CONJ.1611 - VALONGO;Santos;SP;11010240;adm@primessz.com.br;1349-0523;5;5;2033
BRASIL;Ram Multimodal Ltda - Me;1543841000108;RUA AMADOR BUENO Nº 152 CONJUNTO 25/26;Santos;SP;11013150;PROJAS32@IG.COM.BR;0525-1012;10;8;2022
BRASIL;Rg Log Santos Transportes Ltda;13692098000137;RUA RIACHUELO 121 -  7º ANDAR - SALA 71 - CENTRO;Santos;SP;11010911;martinsassessoria@uol.com.br;1208-1221;12;8;2031
BRASIL;Nadim Gannoum Fernandes - Me;23323690000115;Rua Júlia Ferreira de Carvalho, nº 65 - Chico de Paula;Santos;SP;11090050;ubirajara@fernandesassessoria.com.br;0857-0817;8;22;2027
BRASIL;Planim Assessoria Em Comércio Exterior E Logística Ltda.;64158165000179;Rua Brás Cubs, 9 - 5º Andar - Centro;Santos;SP;11013161;antonio@planim.com.br;0110-0805;8;18;2015
BRASIL;Pgl Express Service Ltda;16692091000103;Rua Guaió, nº 66, conjunto 1303 -  Aparecida;Santos;SP;11035260;fabio.cotrim@pglbr.com.br;1304-1022;10;17;2032
BRASIL;Phoenix Despachos Aduaneiros Ltda;68981398000128;Praça da República NR 87 Cj 84;Santos;SP;11010000;marcoantonio@phoenixltda.com.br;0161-1205;12;28;2015
BRASIL;Transmodal Logística Eireli;49192362000110;Avenida Dr. Albert Schweitzer nº. 1901 - Quadra 57 Lote 63 - Alemoa;Santos;SP;11095520;qualidade@transmodal.com.br;0220-1206;1;26;2027
BRASIL;Transcargo Internacional Desconsolidação E Transportes Ltda;257058000115;Rua XV de Novembro, nº. 65, Cj. 62 - Centro;Santos;SP;11010151;francisco@transcargo.com.br;0249-0807;8;3;2017
BRASIL;Transbrasa - Transitaria Brasileira Ltda;45557022000195;RUA JOAQUIM TÁVORA, Nº 500 - MARAPÉ;Santos;SP;11065908;bayardf@transbrasa.com.br;1320-0123;1;19;2033
BRASIL;Vertrans Serviços Logisticos Ltda - Epp;10520033000116;RUA AUGUSTO SEVERO, 7 - 7º ANDAR - CONJ. 7 A SALA 1 - CENTRO;Santos;SP;11010050;humberto@dcasantos.com.br;0380-0510;5;10;2020
BRASIL;Santos Brasil Logística S.A.;58180316000192;Avenida Marginal Via Anchieta, nº 820 - Alemoa;Santos;SP;11095000;juridico.corporativo@santosbrasil.com.br;0036-0405;5;14;2025
BRASIL;Sanz Chemical Transportes Internacionais Ltda;36628830000105;RUA TORRES HOMEM, 255 - APTO 21 - BOQUEIRÃO;Santos;SP;11025020;VINICIUS.MONTEIRO@SANZCHEMICAL.COM;1147-0421;4;6;2031
BRASIL;Sincrolog Logística Ltda;7056595000146;Rua Vasconcelos Tavares, 19 - conj.63/64 - centro;Santos;SP;11010110;financeiro@sincrolog.com.br;0240-0507;5;30;2017
BRASIL;Servimex Logística Ltda;58149782000105;Rua Augusto Severo, 7 - 5º Andar - Centro;Santos;SP;11010919;clarissa.bernardi@servimex.com.br;0056-0505;6;7;2015
BRASIL;Rumo Logística Operadora Multimodal S.A.;71550388000142;Av. Candido Gaffrée s/nº. entre armazéns V e 19 - Docas;Santos;SP;11013240;israel.souza@rumologistica.com.br;0263-1107;11;12;2017
BRASIL;Rodocarga Operadora Portuária E Transporte S.A.;97359863000191;Rua Professor José Olivar, nº 158, 1º andar, Estuário;Santos;SP;11020450;marcos.medeiros@grupolibra.com.br;0330-0309;3;24;2019
BRASIL;Rodocarga Operadora Portuária E Transporte S.A.;97359863000191;Rua Professor José Olivar, nº 158, 1º andar, Estuário;Santos;SP;11020450; carla.gomes@grupolibra.com.br;0330-0309;3;24;2019
BRASIL;Rodocarga Operadora Portuária E Transporte S.A.;97359863000191;Rua Professor José Olivar, nº 158, 1º andar, Estuário;Santos;SP;11020450; marcio.bravo@grupolibra.com.br;0330-0309;3;24;2019
BRASIL;Rodotech Remessas E Transportes Ltda;4171407000132;PRAÇA DA REPÚBLICA Nº 69 - SALA 05 - CENTRO;Santos;SP;11013010;financeiro.bsk@baska.com.br;0608-0214;4;15;2034
BRASIL;S. Magalhães S.A. Logística Em Comércio Exterior;58130089000190;Praça da República, 62 - 1º e 2º Andar - Centro;Santos;SP;11013921;roberta.tavares@smagalhaes.com.br;0096-0805;8;17;2015
BRASIL;Sszlog Transportes Ltda - Epp;25205792000161;Rua Dr. Emílio Ribas, nº 94, apto. 181-B, (Ponto de referência) - Vila Mathias;Santos;SP;11015070;tyrone@sszlog.com.br;1137-0121;1;13;2031
BRASIL;Sulamericana - Logística Internacional Ltda;8218419000126;Rua Amador Bueno, 171, Sala 62 - Centro;Santos;SP;11013151;julio@dcasantos.com.br;0595-1213;12;11;2023
BRASIL;Tecsider Transportes E Serviços Ltda;57737264000140;Rua Ana Santos, nº 55 - Chico de Paula;Santos;SP;11085350;comercial@tecsider.com.br;0591-1113;11;5;2023
BRASIL;Terra & Mar Transportes E Cabotagem;11316066000101;Rua Amador Bueno, nº 64 sala 01 - Centro;Santos;SP;11013150;ubirajara@fernandesassessoria.com.br;0856-0817;8;22;2027
BRASIL;Fideliter Multimodal Ltda.;4757437000125;Praça da República, 62 - Sala 131 - Centro;Santos;SP;11013010;rivaldo@fideliter.com.br;0079-0605;6;22;2015
BRASIL;Euromar Transportes E Logística Eireli;23830039000131;Rua Itororo, 3, sala 62 - Centro;Santos;SP;11010070;enoc@euromartransportes.com.br;1060-0320;3;17;2030
BRASIL;Essemaga Logística e Transportes Ltda;54834007000138;Rua Dr. Albert Schweitzer, nº 2.650;Santos;SP;11095520;madalena.correa@essemaga.com.br;0098-0805;9;1;2035
BRASIL;Essemaga Logística e Transportes Ltda;54834007000138;Rua Dr. Albert Schweitzer, nº 2.650;Santos;SP;11095520;adm.tr@smagalhaes.com.br;0098-0805;9;1;2035
BRASIL;D&G Logística E Transportes Ltda;19356008000113;Praça Visconde de Maua, nº 29 - conjunto 323 - Centro;Santos;SP;11010000;thais.simoesgomes@gmail.com;0902-0418;4;11;2028
BRASIL;Embraport - Empresa Brasileira De Terminais Portuários S.A.;2805610000198;Praça Antônio Telles, nº 12, 7º andar - Centro;Santos;SP;11013020;rishii@terminalembraport.com.br;0735-0116;1;22;2026
BRASIL;Ecolog Transportes Nacionais E Internacionais Ltda-Me;28037032000180;Rua Alexandre Gusmão, 11, 7º andar, sala 701 - Valongo;Santos;SP;11010340;fiscal@ecologlogistica.com;1421-0524;5;27;2034
BRASIL;Duane Customs & Freight Solutions Eireli - Epp;23896429000104;Avenida Ana Costa, nº 146, conjunto 2101, Vila Mathias;Santos;SP;11060000;wagner.ribeiro@duanesolutions.com;1331-0223;2;15;2033
BRASIL;Globetrans Logística, Transporte E Distribuição Ltda -  Epp;8973632000143;RUA RIACHUELO, 121, CONJUNTO 51 - CENTRO;Santos;SP;11010021;operacional@globetrans.com.br;0385-0610;4;26;2031
BRASIL;Global Freight - Agenciamento De Carga Ltda;4948785000180;Rua XV de Novembro, 65 - sala 91 - Centro;Santos;SP;11010161;Augusto@globalfreight.com.br;0116-0805;8;23;2015
BRASIL;Global Truck Transportes & Logística Ltda - Epp;8611138000139;RUA BITENCOURT Nº 141, CONJUNTO 58 - VILA NOVA;Santos;SP;11013300;thiago@globalgsl.com.br;0623-0614;6;24;2024
BRASIL;Green  Light Agenciamento De Cargas E Transportes Ltda;9423217000189;Av. são Francisco, nº 65, 9º andar, cj. 94 - Centro;Santos;SP;11013201;nilson@greenlightlogistics.com.br;0941-0918;9;26;2028
BRASIL;Granport Multimodal Ltda;4507739000145;Rua Júlia Ferreira de Carvalho, 65 A - Chico de Paula;Santos;SP;11090050;marcelo@granport.com.br;0185-0406;9;29;2027
BRASIL;Granport Transporte E Cabotagem Ltda;19769981000164;RUA JULIA FERREIRA DE CARVALHO Nº 65 B - CHICO DE PAULA;Santos;SP;11090050;IVAM@GRANPORT.COM.BR;0645-1014;10;7;2024
BRASIL;Innova Solution Consultoria E Gestão De Negócios Eireli - Epp;26578736000135;AV SENADOR FEIJÓ, Nº 686, CONJUNTO 908 E 909 - VILA MATHIAS;Santos;SP;11015504;pmartins@innovasolution.com.br;1025-1019;10;7;2029
BRASIL;Inport Despachos Aduaneiros Ltda;4001560000111;Praça da República, nº 62 cj 52 - Centro;Santos;SP;11013010;genar@inport.com.br;0179-0406;6;21;2026
BRASIL;Indaiá Logística Internacional Ltda;58156084000137;Av. Senador Feijó, 14 - 7º  andar - Centro;Santos;SP;11015500;fabricio.paulella@myindaia.com.br;0055-0505;4;29;2025
BRASIL;Iberico Transportes & Logistica Ltda;33611111000193;AV SENADOR FEIJO 686 CONJ 1207 E 1208 - VILA MATHIAS;Santos;SP;11015504;leonardo@transportesiberico.com.br;1460-1224;12;23;2034
BRASIL;Hipercon Terminais De Cargas Ltda;57246266000136;RUA AUGUSTO SCARABOTO S/Nº , BAIRRO ALEMOA;Santos;SP;11095906;controladoriaadmin@hiperconterminais.com.br;0403-0710;7;30;2020
BRASIL;ITRI RODOFERROVIA E SERVIÇOS LTDA;4215000180;Praça da República, nº 87, 8º andar, conjunto 82;Santos;SP;11013010;maurilio@itri.com.br;0144-1005;10;22;2035
BRASIL;Br Line Multimodal Ltda;24478169000110;AV. ANA COSTA Nº 100 - SALA 42 - VILA MATHIAS;Santos;SP;11060000;ADM@BRLINEMULTIMODAL.COM.BR;1062-0320;3;18;2030
BRASIL;Borealis Serviços Logisticos Eireli;31448612000175;AV. ANA COSTA, Nº 61 CONJUNTO 91 - VILA MATHIAS;Santos;SP;11060000;francisco.araujo@borealis-logistics.com;1166-0521;5;26;2031
BRASIL;Bracenter Centro Brasileiro De Armazenagem E Distribuição Ltda;7153670000197;Rua Dr. Manoel Tourinho nº. 48/66 - Macuco;Santos;SP;11015030;migueljur@biellamiguel.com.br;0253-0807;8;31;2017
BRASIL;Bunge Alimentos S.A.;84046101000193;PRAÇA GUILHERME ARALHE Nº 20 - BAIRRO MACUCO;Santos;SP;11015305;fiscalizacao.fiscal@bunge.com;0542-0113;1;15;2023
BRASIL;Cargolog -Operadora De Transportes Multimodais S/A;956633000178;Rua General Camara, nº 110/112 - Centro;Santos;SP;11010120;martin@t37.com.br;0165-0206;2;13;2016
BRASIL;Cargo Ship Transportes E Assessoria Ltda;59267138000102;Rua General Câmara, 141, conjunto 22 - Centro;Santos;SP;11010121;FINANCIAL@CARGOSHIP.COM.BR;0988-0519;5;14;2029
BRASIL;CARPO LOGISTICS LTDA;7353607000102;Praça Barão do Rio Branco, nº 14;Santos;SP;11010040;ornellas@carpolog.com.br;0089-0605;7;27;2036
BRASIL;CARPO LOGISTICS LTDA;7353607000102;Praça Barão do Rio Branco, nº 14;Santos;SP;11010040;ADM@CARPOLOG.COM.BR;0089-0605;7;27;2036
BRASIL;Caf Transportes Internacionais Ltda;27096000181;Av. Senador Feijó, 14 - 6º andar - Conj. 62;Santos;SP;11015500;;0157-1205;12;28;2015
BRASIL;Ccis Brasil Ltda;52247381000101;Alameda Armênio Mendes, nº 66 - Andar 21, Conj. 2108 - Aparecida;Santos;SP;11035260;bma.legal@cma-cgm.com;1419-0424;4;22;2034
BRASIL;Custom Brasil Ltda;4309775000102;AV. SÃO FRANCISCO Nº 65 - 9º ANDAR - CENTRO;Santos;SP;11013201;CUSTOMBRASIL@CUSTOMBRASIL.COM;0566-0713;7;17;2023
BRASIL;Contrail Logísitica S.A.;10140658000152;PRAÇA DOS EXPEDICONÁRIOS, Nº 19, CJ. 61, GONZAGA;Santos;SP;11065922;juridico@contrail.com.br;0468-1211;12;22;2021
BRASIL;Conquest - Logística E Consultoria Aduaneira Ltda.;96407705000105;Rua Brás Cubas, nº 9, 5º andar, salas 11 A 14;Santos;SP;11013161;comercial@conquestilogistica.com.br;0129-1005;10;13;2015
BRASIL;Costa Brasil Cabotagem Ltda;7649313000114;PC Antônio Telles, nº 12 sala 13 - Centro;Santos;SP;11013020;alessandro.camargo@cabotagem.com.br;0257-0907;9;28;2017
BRASIL;Costa Brasil Cabotagem Ltda;7649313000114;PC Antônio Telles, nº 12 sala 13 - Centro;Santos;SP;11013020;alessandro.camargo@cabotagem.com.br;0875-1217;12;15;2027
BRASIL;Antonio Alexandre Moreira Galante;9629581000108;RUA BRAZ CUBAS, Nº 3, 3º ANDAR, SALA 19 - CENTRO;Santos;SP;11013918;alexandremgalante@gmail.com;0881-0118;1;29;2028
BRASIL;Agilink Transporte Rodoviário Ltda;24960415000175;Avenida Senador Feijó, 686, Sala 1527 B, 15º andar - Vila Mathias;Santos;SP;11015504;marcelo.benvenuti@takelog.com.br;1300-0922;9;30;2032
BRASIL;Açologis Multimodal Ltda;40272996000109;Rua General Câmara, 20, sala 43 - Centro;Santos;SP;11010123;mara.masiero@acologis.com.br;1152-0321;3;30;2031
BRASIL;Atlântico Norte Logística Ltda;31527624000195;Praça dos Andradas, 12 - 7º andar - Centro;Santos;SP;11010904;juridico@fcnaccounting.com;0985-0519;5;9;2029
BRASIL;As-Road Transportes Ltda;31574231000132;Rua General Câmara, 05 - sala 404 - Centro;Santos;SP;11010902;nathalia.marcal@br-asgroup.com;0976-0419;4;1;2029
BRASIL;Asf Logística Integrada Ltda;5596162000158;RUA VISCONDE DO RIO BRANCO, 02 SALA 91 D - CENTRO;Santos;SP;11013030;martinsassessoria@uol.com.br;1375-0923;9;12;2033
BRASIL;Asia Shipping Terminais E Serviços Ltda;18982709000103;RUA ALEXANDRE HERCULANO Nº 197, 13º ANDAR, SALA 1.305 - BAIRRO - GONZAGA;Santos;SP;11050031;sergio.araujo@br-asgroup.com;0738-0116;1;22;2026
BRASIL;Asia Shipping Transportes Internacionais Ltda;1137526000180;RUA ALEXANDRE HERCULANO Nº 197, 13º ANDAR, SALAS 1301/1304 - GONZAGA;Santos;SP;11050031;nathalia.marcal@br-asgroup.com;1282-0822;8;22;2032
BRASIL;Apl Soluções De Logística Ltda;8783287000185;Av. Senador Feijó, 14 - 10º andar, conjunto 102;Santos;SP;11015500;robson_souto@apl.com;0651-1214;12;23;2024
BRASIL;Apr Logística Internacional Ltda;13227703000107;Rua Itororo, nº 03, conjunto 21 - Centro;Santos;SP;11010071;contato@aprcomex.com.br;0876-1217;12;21;2027
BRASIL;As Truck Transportes Eireli;37028721000110;RUA ALEXANDRE HERCULANO, 197 - CONJ 1306 - GONZAGA - SANTOS/SP - CEP 11050-031;Santos;SP;11050031;guilherme@oikosconsultoria.com.br;1109-0920;9;17;2030
BRASIL;Asa Express Transportes Ltda;60291275000153;Praça da República, nº 87 - 10º andar - conj. 102 - Centro;Santos;SP;11013010;asaexpress@asaexpress.com.br;0222-0107;4;27;2027
BRASIL;Bf Operadora De Transporte Multimodal Ltda;2366950000160;Rua Bittencourt, 141 conjunto 85/86 - Vila Nova;Santos;SP;11013300;buttignon@bfcargo.com.br;0112-0805;8;18;2015
BRASIL;Az Solutio Assessoria Em Comércio Internacional Ltda;8039815000196;Praça da República, nº 87, CJ 65/66 - Centro;Santos;SP;11013010;walter.gomes@azsolutio.com.br;0733-1215;12;2;2025
BRASIL;BANDEIRANTES DEICMAR LOGÍSTICA INTEGRADA LTDA;58188756000196;Avenida Ana Costa, Nº 228, Sala 61 a 65;Santos;SP;11060000;juridico@band-deicmar.com.br;0105-0805;4;24;2035
BRASIL;ALPHA NAVAL LTDA;57027142000160; AL ARMENIO MENDES, 66 ;Santos;SP;11035260;ops@alphanaval.com.br;1526-1225;12;19;2035
BRASIL;AMA TRANSPORTES LTDA;29551937000137; Avenida Ana Costa, nº 151, sala 33;Santos;SP;11060001;contato@amalog.com.br;1476-0225;2;27;2035
BRASIL;MAXIMUNDI IMPORTAÇÃO E EXPORTAÇÃO LTDA.;16868113000143;Avenida Senador Feijo, nº 686;Santos;SP;11015504;GERENCIA@MAXIMUNDI.COM;1497-0525;5;13;2035
BRASIL;ES COMÉRCIO EXTERIOR LTDA;47469147000199;Avenida Ana Costa, 228, Conjuntos 82 e 83;Santos;SP;11060000;evandro@eslogistics.com.br;1490-0425;4;24;2035
BRASIL;WINGS TRANSPORTES BRASIL LTDA;36440199000116;AVENIDA SENADOR FEIJO, 686 - CONJ 602;Santos;SP;11015504;fran.vital@wingst.com.br;1488-0425;4;22;2035
BRASIL;Winlogis Gestão Logistica Ltda;16585219000130;AV. SENADOR FEIJO 14 CONJUNTO 81 - CENTRO;Santos;SP;11015500;martinsassessoria@uol.com.br;0928-0918;9;3;2028
BRASIL;W.B.I. Log Transportes Ltda;10674744000145;Rua Dr. Manoel Tourinho, nº 100 - Macuco;Santos;SP;11015030;operacional@wbilog.com.br;0817-0117;1;11;2027
BRASIL;Abc Cargas Ltda;1703312000124;Estrada dos Casa, nº 2599 - bairro Dos Casa;São Bernardo do Campo;SP;9840000;danilo.guedes@abcilog.com.br;0035-0405;4;6;2015
BRASIL;Jat Transportes E Logística S.A;3349915000103;RUA JOÃO AZEVEDO MARQUES, Nº 224 - BAIRRO JARDIM TRÊS MARIAS.;São Bernardo do Campo;SP;9750030;lucaspatrus@grupojat.com.br;0640-0914;9;10;2024
BRASIL;Jat Transportes E Logística S.A;3349915000103;RUA JOÃO AZEVEDO MARQUES, Nº 224 - BAIRRO JARDIM TRÊS MARIAS.;São Bernardo do Campo;SP;9750030; financeirobh@grupojat.com.br;0640-0914;9;10;2024
BRASIL;Inteligência Logistica Ltda;4773469000114;RUA PRÍNCIPE HUMBERTO, Nº 510, LOJA 514, CENTRO;São Bernardo do Campo;SP;9725200;gustavoskiadv@outlook.com;1455-1224;12;9;2034
BRASIL;Jose Jadinilson Florencio Transportes Em Geral Ltda;18368389000198;R GUILHERME DE ALMEIDA, 543 - JARDIM ORLANDINA;São Bernardo do Campo;SP;9632050;comercial@transchautransportes.com.br;1223-0222;2;7;2032
BRASIL;Go Log Transportes Eireli - Epp;17848915000154;Av. São Paulo, nº 400, Jordanóplis;São Bernardo do Campo;SP;9892330;conceicao@gologtrans.com.br;0855-0817;8;22;2027
BRASIL;Fks Logsitics Ltda;17353801000133;RUA JOSÉ VERSOLATO, Nº 111, BLOCO A,  SALA 102 - CENTRO;São Bernardo do Campo;SP;9750730;franciely.azzolini@fkslogisticis.com.br;1042-1119;11;26;2029
BRASIL;Fita Azul Transportes E Logística Ltda;22507975000143;RUA TIETE, Nº 189 - RUDGE RAMOS;São Bernardo do Campo;SP;9615000;;1433-0724;7;18;2034
BRASIL;Tegma Gestão Logística S.A.;2351144000118;AV.  NICOLA DEMARCHI, 2000 - BAIRRO DEMARCHI;São Bernardo do Campo;SP;9820655;ect_ged@tegma.com.br;0389-0610;8;3;2030
BRASIL;Tl Transportes Expressos De Cargas Ltda;2767766000121;Rua Oswaldo Cruz, nº 50 - Vila Jordanopolis;São Bernardo do Campo;SP;9892250;kleber.legalizacao@paulicon.com.br;0916-0818;8;13;2028
BRASIL;Tomé Engenharia E Transporte Ltda.;44384832000100;Avenida José Odorizzi, nº 900 - Bairro Assunção;São Bernardo do Campo;SP;9810900;sidney@tome.com.br;0085-0605;6;22;2015
BRASIL;Tomé Equipamentos E Transportes Ltda;44384832000124;Av. José Odorizzi, 900 - Bairro Assunção;São Bernardo do Campo;SP;9810900;sidnei@tome.com.br;1296-0922;9;29;2032
BRASIL;Sada Transportes E Armazenagens Ltda;19199348000188;Estrada dos Alvarengas, nº 4018 - Assunção;São Bernardo do Campo;SP;9850550;NOELMA.GOMES@BRAZUL.COM.BR;0107-0805;11;6;2034
BRASIL;Sada Transportes E Armazenagens Ltda;19199348000188;Estrada dos Alvarengas, nº 4018 - Assunção;São Bernardo do Campo;SP;9850550;CAMILA.SILVA@BRAZUL.COM.BR;0107-0805;11;6;2034
BRASIL;Transportes Furlong Do Brasil S/A;67599878000166;Av. Maria Servidei Demarchi, 1826 - Bairro Demarchi;São Bernardo do Campo;SP;9820000;anapaula.petruske@furlong.com.br;0077-0605;8;23;2029
BRASIL;Piquetur Log Logistica E Transporte Ltda;4045101000130;Avenida Lauro Gomes, nº 1.200 - Rudger Ramos;São Bernardo do Campo;SP;9635010;financeiro1@piquetur.com.br;0617-0514;5;22;2024
BRASIL;Lachmann Terminais Ltda;21613553000190;Estrada Assumpta Sabatini Rossi, nº 920 - Batistini;São Bernardo do Campo;SP;9842000;juridico@lachmann.com.br;0896-0418;4;4;2028
BRASIL;Shipmasters International Freight Agenciamento De Frete Ltda;22677138000162;AL CAULIM 115  CONJ 307 E 308 EDIF TORRE GATE;São Caetano do Sul;SP;9531195;marcio.oliveira@ship-masters.com;1427-0624;6;19;2034
BRASIL;Temp Transporte E Distribuição Ltda;66764457000180;RUA MAJOR CARLOS DEL PRETE, 724 - CENTRO;São Caetano do Sul;SP;9530000;carlos.buran@templog.net;0344-0909;12;24;2031
BRASIL;Birktrans Logística E Despachos Ltda.;9296130000198;Rua Pernambuco, nº 425, 1º andar, Conj. 14 - Centro;São Caetano do Sul;SP;9521140;felipe.sao@birktrans.com.br;0334-0509;5;23;2032
BRASIL;V-Log Transportes E Logística Ltda;24108379000116;Rua Rafael Corrêa Sampaio, nº 1167 - Santa Paula;São Caetano do Sul;SP;9541250;michael.jones@v-logtrans.com;0792-0816;8;18;2026
BRASIL;Itamarati Express Transporte De Cargas E Encomendas Ltda;5397031000141;AV. TARRAF, 2710 SALA 4 - BAIRRO - JARDIM ANICE;São José do Rio Preto;SP;15057430; prado@expressoitamarati.com.br;1112-0920;9;21;2030
BRASIL;Audaz Global Logistica Ltda;29473259000131;Rua Benedito Osvaldo Lecques, 51 - Sala 1406;São José dos Campos;SP;12246021;daniel@audazglobal.com;1241-0422;4;20;2032
BRASIL;Translogmed Transportes Ltda;10466633000143;RUA ROMUALDO DAVOLI Nº 131 -  ELDORADO;São José dos Campos;SP;12238577;juridico@logmed.net;1034-1119;11;8;2029
BRASIL;Logmed Armazenagem E Logística Ltda;9303268000177;RUA DIONIZIO CHINELATO, 100 -  ELDORADO;São José dos Campos;SP;12238578;juridico@logmed.net;1032-1119;11;6;2029
BRASIL;Omega Air Cargo Ltda.;2113305000135;Av. Sebastião Henrique da Cunha Pontes, 8.500 - Chácaras Reunidas;São José dos Campos;SP;12238365;nelson.machado@omegacargo.com.br;0131-1005;10;13;2015
BRASIL;Oc Logistics Brazil Ltda;29652717000108;RUA CORIOLANO Nº 1897 - SALA 01 - VILA ROMANA;São Paulo;SP;5047002;INFO@OCLOGISTICS.COM.BR;1113-0920;9;21;2030
BRASIL;Ocean Network Express (Latin America) Agência Marítima Ltda;28689596000106;Avenida Paulista, nº 283, 8º andar - Bela Vista;São Paulo;SP;1311000;peter.duifhuizen@one-line.com;0909-0718;7;10;2028
BRASIL;Penske Logistics Do Brasil Ltda;65849838000108;Avenida das Nações Unidas, 11.541 - 17º andar - Conjuntos 171 e 172;São Paulo;SP;4578000;terezinha.ueda@penske.com;0745-0316;3;22;2026
BRASIL;National Freight Transportes Internacionais Ltda.;74357757000173;  Rua Doutor Thirso Martins, 100 – Conjunto 408 – Vila Mariana;São Paulo;SP;4120050;anaquirino@nationalfreight.com.br;0341-0809;8;4;2019
BRASIL;New Expo Organização Logística Ltda;33692342000179;RUA APENINOS  429, - CONJUNTO 1016, 10º ANDAR, ACLIMAÇÃO;São Paulo;SP;1533000;edson@newexpo.com.br;1397-0124;1;15;2034
BRASIL;Nexus Logística E Transportes Ltda;8205713000101;Rua Doutor Edgard Theotonio Santana, nº 158 - Parque Industrial Thomas Edson;São Paulo;SP;1140030;paulo@nexuslog.com.br;0708-0915;9;10;2025
BRASIL;Nippon Express Do Brasil Transportes Internacionais Ltda;51595908000126;Rua Fortaleza, nº 53 - Bela Vista;São Paulo;SP;1325010;administracao@nittsu.com.br;0936-0918;9;21;2028
BRASIL;Núcleo Soluções Logística Ltda;7725533000180;Rua Quariteré nº127 - Parque de Móoca;São Paulo;SP;3127050;IRANY@NUCLEOLOGISTICA.COM.BR;0487-0512;5;2;2022
BRASIL;Nuno Ferreira Cargas Internacionais Ltda.;56277197000165;Rua Professor Ernest Marcus nº. 36, lote 10, quadra 01 - Pacaembu;São Paulo;SP;1246080;info@nunoferreira.com.br;0226-0107;7;28;2030
BRASIL;Nyk Line Do Brasil Limitada;4658184000132;Av. Paulista , 854 17º andar Bela Vista;São Paulo;SP;1310913;claims@nykline.com.br;0381-0510;5;10;2020
BRASIL;Nyk Line Do Brasil Limitada;4658184000132;Av. Paulista , 854 17º andar Bela Vista;São Paulo;SP;1310913; sszadm@nykline.com.br;0381-0510;5;10;2020
BRASIL;Novaagri  Infra-Estrutura De Armazenagem E Escoamento Agrícola S.A.;9077252000193;RUA FIDÊNCIO RAMOS 213 3º ANDAR CONJUNTO 31 VILA OLÍMPIA;São Paulo;SP;4551010;MARCUS.MENOITA@novaagri.com.br;0496-0712;7;16;2022
BRASIL;Norcoast Logística S.A.;49009424000106;AV. DAS NAÇÕES UNIDAS Nº 14261 - ED. TORRE A - ANDARES 5, 6 E 7 - CONJUNTO 501A, 601A, 701A E 801A - BROOKLIN PAULISTA;São Paulo;SP;4578000;GUSTAVO.PASCHOA@NORSUL.COM;1351-0523;5;19;2033
BRASIL;Piquetur Passagens E Turismo Ltda;59460592000177;Avenida Lucas Nogueira Garcez nº 578 - Jardim Mar - São Bernardo do Campo;São Paulo;SP;9750660;finaceiro1@piquetur.com.br;0622-0614;6;20;2024
BRASIL;POLIVIAS S/A TRANSPORTES E SERVIÇOS;53611828000142;Avenida Moema, nº 87 - Bloco A, Conjunto 143;São Paulo;SP;4077020;cassio@polivias.com.br;0075-0605;5;12;2035
BRASIL;POLIVIAS S/A TRANSPORTES E SERVIÇOS;53611828000142;Avenida Moema, nº 87 - Bloco A, Conjunto 143;São Paulo;SP;4077020; dionerios@gmail.com;0075-0605;5;12;2035
BRASIL;POLIVIAS S/A TRANSPORTES E SERVIÇOS;53611828000142;Avenida Moema, nº 87 - Bloco A, Conjunto 143;São Paulo;SP;4077020;elaine.teixeira@polivias.com.br;0075-0605;5;12;2035
BRASIL;Prestex Encomendas Expressas Ltda;5556159000372;AV. PEDRO BUENO, Nº 1542 - JABAQUARA;São Paulo;SP;4342001;gustavoskiadv@gmail.com;0505-0812;2;21;2032
BRASIL;Prosperity Cargo Management Logística Ltda;9352852000112;Rua Claudino Pinto, 156 - Brás;São Paulo;SP;3040040;mark@pcmcargo.com.br;1012-0819;8;27;2029
BRASIL;Rc Transportes Ltda;4409228000190;AV RIO BONITO, Nº 1522 - VILA FRIBURGO;São Paulo;SP;4776002;juridico@ebpocontabil.com.br;1272-0622;6;27;2032
BRASIL;Rcinco Transportes Ltda;19080345000120;AV DO RIO BONITO, Nº 1520/1526/1530 - VILA FRIBURGO;São Paulo;SP;4776002;juridico@ebpocontabil.com.br;1271-0622;6;27;2032
BRASIL;QUANTIQ DISTRIBUIDORA LTDA;62227509000129;AVENIDA REBOUÇAS, Nº 2516;São Paulo;SP;5402400;jas@zradv.com.br;1024-1019;10;7;2029
BRASIL;QUANTIQ DISTRIBUIDORA LTDA;62227509000129;AVENIDA REBOUÇAS, Nº 2516;São Paulo;SP;5402400;cadastro@caldic.com;1024-1019;10;7;2029
BRASIL;Rf Log - Express Transportes - Eireli - Me;19138649000100;Rua Lucila, nº 133 - Fundos - Vila Baruel;São Paulo;SP;2522090;faturamento@rflog.com.br;0809-1216;12;1;2026
BRASIL;Rendar Locações E Logística Ltda - Me;23661517000127;Rua Senador Carlos Teixeira de Carvalho, nº 505 - sala 01;São Paulo;SP;1535010;silviadalo@hotmail.com;0748-0416;4;4;2026
BRASIL;Red Cargas Logísticas Ltda;12525609000163;Rua Palacete das Águias, nº 247 - Vila Alexandrina;São Paulo;SP;4635021;olga@redcargas.com.br;0894-0318;3;29;2028
BRASIL;Red Cargas Logísticas Ltda;12525609000163;Rua Palacete das Águias, nº 247 - Vila Alexandrina;São Paulo;SP;4635021; financeiro@redcargas.com;0894-0318;3;29;2028
BRASIL;Ricardo Domingues Da Silva Eireli;24197753000105;RUA AURORA, Nº 151;São Paulo;SP;4753040;gustavoski@outlook.com;1198-1021;10;22;2031
BRASIL;Logwin Air + Ocean Brazil Logística E Despacho Ltda;45541539000196;Rua Vieira de Moraes, nº 670/674 - Campo Belo;São Paulo;SP;4617001;theo.boesch@logwin-logistics.com;0052-0505;10;3;2035
BRASIL;Logwin Air + Ocean Brazil Logística E Despacho Ltda;45541539000196;Rua Vieira de Moraes, nº 670/674 - Campo Belo;São Paulo;SP;4617001;fabricio.liza@logwin-logistics.com;0052-0505;10;3;2035
BRASIL;M.C.R Fantin Logística Ltda;5336613000118;AV. JOÃO BATISTA MEDINA 176 - SALA 02 - CENTRO EMBU DAS ARTES;São Paulo;SP;6803447;FACILITIES@MCRFANTIN.COM.BR;1093-0720;7;17;2030
BRASIL;Ma Comércio Exterior Ltda - Epp;16613243000135;RUA SÃO BENTO, 279 - 9º ANDAR - CONJ.. 910 - CENTRO;São Paulo;SP;1011000;marcoantonio@macomercioexterior.com.br;0564-0713;7;8;2023
BRASIL;Mac Cargo Do Brasil Ltda;3051284000133;Rua Dr. Tirso Martins, 44, 4º andar – Vila Mariana;São Paulo;SP;4020050;ebarros@maclogistic.com;0358-1009;8;28;2019
BRASIL;Mac Cargo Do Brasil Ltda;3051284000133;Rua Dr. Tirso Martins, 44, 4º andar – Vila Mariana;São Paulo;SP;4020050; jcosta@maclogistica.com;0358-1009;8;28;2019
BRASIL;L4B Logística Ltda;24217653000195;Rua Major Paladino, nº 128, galpão 13 e 14 - Vila Ribeiro de Barros;São Paulo;SP;5307000;financeiro@loggi.com;0931-0918;9;12;2028
BRASIL;Lac Worldwide Do Brasil Transportes Internacionais S.A.;8882133000140;Alameda dos Maracatins, 1217, sala 1012 - Indianópolis;São Paulo;SP;4089014;lg.avesani@lacww.com;1015-0919;9;5;2029
BRASIL;Libra Serviços De Navegação Ltda;42581413000157;Av. das Nações Unidas, nº 14261, Ala B, 28º andar, conj. B - Vila Gertrudes;São Paulo;SP;4794000;intimacoes@hlag.com;0006-0305;3;21;2035
BRASIL;Libra Terminais S/A;33813452000141;Av. Pres. Juscelino Kubtscheckert, n° 1455, 16º andar, Vila Nova Conceição;São Paulo;SP;4543011;grupolibra@grupolibra.com.br;0137-1005;10;25;2015
BRASIL;Localfrio S.A. Armazéns Gerais Frigoríficos;58317751000116;Avenida Francisco Matarazzo, nº 1400, CJ. 92 - Água Branca;São Paulo;SP;5001903;marcelo.fioretto@localfrio.com.br;0631-0714;7;23;2024
BRASIL;Mr Express Transportes Ltda;9538756000163;RUA PROFESSOR ULPIANO PINTO DE SOUZA Nº 148 - SALA 01 - JARDIM ANDARAÍ;São Paulo;SP;2167050;MONALISA.FERRARI@MREXPRESS.COM.BR;0994-0619;6;17;2029
BRASIL;Mol (Brasil) Ltda;69070092000182;Av. paulista 283, 14º andar - São Paulo - SP;São Paulo;SP;1311000;SERGIO.WATANABE@MOL-LINER.COM;0160-1205;12;28;2015
BRASIL;Moviis Soluções Em Transportes E Armazenagem Ltda;8333099000155;Rua Ezequiel Freire, nº 192, 14º andar, conj. 1408 - Santana;São Paulo;SP;2034000;renato.silva@efcargo.com.br;0788-0816;8;2;2026
BRASIL;Midia Transportes Ltda;67035584000101;Av. Jornalista Paulo Zingg - nº 301 - Jardim Jaraguá;São Paulo;SP;5157030;ediberto@midiatransportes.com.br;0644-1014;10;7;2024
BRASIL;Minicarga Serviços De Transportes Ltda;52214426000141;RUA CABO ROMEU CASAGRANDE, 555 - PARQUE NOVO MUNDO;São Paulo;SP;2180060;MINICARGA@MINICARGA.COM.BR;1119-1020;10;14;2030
BRASIL;Maia Logística Ltda;58192345000174;Av. Aratãs nº 1.104 - Planalto Paulista;São Paulo;SP;4081005;rogeriomaia@maialogistica.com.br;0188-0506;5;25;2016
BRASIL;Transdata Transportes Ltda;43053081000109;Rua Carmine Gaeta, 80 - Bairro Vila Guilherme;São Paulo;SP;2060100;operacional@transdata.com.br;0021-0305;7;8;2025
BRASIL;Tpl Provider Assessoria Em Comércio Exterior Ltda - Me;12236207000149;RUA MARTINS HEREDIA, Nº 113 - SALA 4 - VILA ALBERTINA;São Paulo;SP;2731040;adair@tplprovider.com.br;0619-0614;6;5;2024
BRASIL;Trans Model Transportes Urgentes Ltda;62131248000149;RUA SALVADOR RODRIGUES PRADO, Nº 200, AREA 01 - PARQUE NOVO MUNDO;São Paulo;SP;2190050;r.furtado@ativalog.com.br;1216-1221;12;30;2031
BRASIL;Transportes Della Volpe S A Comercio E Industria;61139432000172;AV. TENENTE AMARO FELICÍSSIMO DA SILVEIRA, S/N, COND ESQ RUA LÍDICE, Nº 22 - PARQUE NOVO MUNDO;São Paulo;SP;2177010;laisa.moura@dellavolpe.com.br;1218-0122;1;5;2032
BRASIL;Transportadora Route Vila Guilherme Ltda;39470857000100;RUA GAL SOCRATES, Nº 216, CONJ. 167 - PENHA DE FRANCA;São Paulo;SP;3632040;gustavoskiadv@outlook.com;1219-0122;1;5;2032
BRASIL;Transporte De Carga Biológica Express Ltda.;14068428000180;Rua Ourinhos, 395/401 - Vila Bertioga;São Paulo;SP;3186040;qualidade@biotransportes.com.br;0977-0419;4;18;2029
BRASIL;Transnet Logística E Transportes Ltda;1661806000193;Rua João Tibiriça, nº 958 - Vila Anastácio;São Paulo;SP;5077000;mgarcia@transnetlog.com.br;0951-1018;10;19;2028
BRASIL;Transitex Do Brasil Serviços De Logística Ltda;12002000000100;Av. Brigadeiro Luis Antônio, nº 2466, CJ 101, andar 10 e 11 - Jardim Paulista;São Paulo;SP;1402000;enrique@transitex.com.br;0732-1215;12;2;2025
BRASIL;Transportadora Lstv Eireli;7955244000177;RUA BARONESA DE BELA VISTA, Nº 122 - VILA CONGONHAS;São Paulo;SP;4612000;viviane@atentoexpress.com;1197-1021;10;15;2031
BRASIL;Transportadora Lstv Eireli;7955244000177;RUA BARONESA DE BELA VISTA, Nº 122 - VILA CONGONHAS;São Paulo;SP;4612000; vandilson@atentoexpress.com;1197-1021;10;15;2031
BRASIL;Transportadora Nasser Ltda;5075026000112;Rua Sassaki, nº 137 - Cidade Ademar;São Paulo;SP;4403000;ahmed@transportadoranasser.com.br;0716-1015;10;8;2025
BRASIL;Vettura Transportes Rodoviários Ltda;19040228000133;RUA SANTA CRUZ, Nº 2187, SALA 10 CXPST 923;São Paulo;SP;78746740;vanessa.bezerra@mafrotransportes.com.br;1390-1123;11;22;2033
BRASIL;Via Expressa Logística E Armazenagem Ltda;21197824000173;RUA DOZE DE SETEMBRO, Nº 1119 B - VILA GUILHERME;São Paulo;SP;2052001;gustavoskiadv@outlook.com;0779-0716;7;20;2026
BRASIL;Via Sul Logística Ltda - Epp;9288026000151;Rua Manoel de Carvalho nº. 24 – Piqueri;São Paulo;SP;2912020;comercial@viasullogistica.com.br;0302-0808;12;10;2028
BRASIL;Verko Logística Eireli;29794317000129;Alameda dos Nhambiquaras, nº 1500 - cj. 104 - Indianápolis;São Paulo;SP;4090003;cibele.toseli@grupoverko.com.br;0940-0918;9;26;2028
BRASIL;Velox Transportes Produtos E Servicos Ltda;14990752000151;RUA ALVARENGA PEIXOTO, Nº 384 - VILA ANASTÁCIO;São Paulo;SP;5095010;edson@grupoveloxtransportes.com.br;1229-0322;3;7;2032
BRASIL;Velozter Transportes Ltda;14536532000152;Rua Julio Parigot, 237 - Vila Antonieta;São Paulo;SP;3478007;gerencia@veloztertransportes.com.br;1293-0922;9;20;2032
BRASIL;Unimetal Indústria, Comércio E Empreendimentos Ltda;15181688000120;AVENIDA DOUTOR ANTÔNIO DE SOUZA NETO, Nº 362 - APARECIDINHA;São Paulo;SP;18087210;r.baptista@grupounimetal.com.br;1313-1222;12;12;2032
BRASIL;Ups Do Brasil Remessas Expressas Ltda;74155052000173;Rua Dom Aguirre, 554 – Vila Sofia;São Paulo;SP;4671245;nmoreno@ups.com;0322-0109;1;15;2019
BRASIL;Unitrading Logística, Importação E Exportação Ltda;21425093000176;AV. ANA COSTA Nº 433 - SALAS 71, 72 e 76 - GONZAGA;São Paulo;SP;11060033;WESLEY.JORGITO@UNITRADINLOG.COM.BR;0950-1018;10;19;2028
BRASIL;Ultracargo Logística S.A.;14688220001640;Avenida Brigadeiro Luís Antônio, 1343, 4º andar, bairro Bela Vista;São Paulo;SP;1317910;carlos.arruti@ultracargo.com.br;1359-0723;7;4;2033
BRASIL;União Transporte De Encomendas E Comércio De Veículos Ltda;6897194000156;AVENIDA COMENDADOR MARTINELLI Nº 276 - SALA 02 - ÁGUA BRANCA;São Paulo;SP;5037170;chsousa@comporte.com.br;1114-0920;9;21;2030
BRASIL;Transultra Armazenamento E Transporte Especializado Ltda.;60959889000160;Av. Brigadeiro Luiz Antônio, nº 1.343 - Bela Vista;São Paulo;SP;1350900;controladoria@ultracargo.com.br;0024-0305;3;23;2015
BRASIL;Takelog Logística De Comércio Exterior Ltda;7799674000147;AVENIDA JAMARIS Nº 441 - SALAS 41 E 42 - 4º ANDAR - COND. EDIFÍCIO VISION - INDIANÓPOLIS;São Paulo;SP;4078904;marcelo.benvenuti@takelog.com.br;1298-0922;9;29;2032
BRASIL;Tnt Express Brasil Ltda;73475303000134;Avenida Marginal Direita do Tietê, nº 2500 - Prédio Administrativo - 2ª andar - Vila Jaguará;São Paulo;SP;5118100;legalrp-br@mail.fedex.com;0679-0615;6;10;2025
BRASIL;Tnt Mercúrio Cargas E Encomendas Expressas Ltda;95591723000119;Avenida Marginal Direita do Tietê, nº 2500, Prédio Administrativo, 5º andar - Vila Jaguará;São Paulo;SP;5118100;legalrp-br@mail-fedex.com;0702-0915;5;8;2035
BRASIL;Tag Saúde Logística E Distribuição E Transportes Eireli Epp;24935218000104;RUA JOSÉ SEMIÃO RODRIGUES AGOSTINHO - 1.370 - GALPÃO 16 A -QUINHAU;São Paulo;SP;2022040;EDILAINE.SALES@TAGSERVIÇOS.COM.BR;0869-1117;11;1;2027
BRASIL;Supersonic Logística E Transportes Ltda;47705660000131;Rua Miguel Nelson Bechara, nº 114 - Jardim Pereira Leite;São Paulo;SP;2712130;denilson.signorelli@ssonic.com.br;0816-1216;12;16;2026
BRASIL;Serbom Armazéns Gerais Ltda;1628604000140;AV. DR. GASTAO VIDIGAL, 1946 - PORTÄO 12 - CEAGESP - VILA LEOPOLDINA;São Paulo;SP;5314000;contabil@serbom.com.br;1286-0822;8;30;2032
BRASIL;São Paulo Shipping Operadora De Comércio Exterior E Transporte Ltda;68250067000118;Rua Pamplona 710, cj 53 - Jardim Paulista;São Paulo;SP;1405001;saopauloshipping@saopauloshipping.com.br;0087-0605;7;1;2015
BRASIL;SAMSUNG SDS LATIN AMERICA TECNOLOGIA E LOGISTICA LTDA;24574383000170;AV DR CHUCRI ZAIDAN, 1240;São Paulo;SP;4711130;fabiano.v@samsung.com;0763-0616;8;5;2036
BRASIL;SAMSUNG SDS LATIN AMERICA TECNOLOGIA E LOGISTICA LTDA;24574383000170;AV DR CHUCRI ZAIDAN, 1240;São Paulo;SP;4711130;NOTIFICA.SDSLA@SAMSUNG.COM;0763-0616;8;5;2036
BRASIL;Samsung Sds Latin America Soluções Em Tecnologia Ltda;6159434000115;AV. DAS NAÇÕES UNIDAS - 12901 - ANDAR 22- UNIDADE 2202;São Paulo;SP;4578000;jeferson.tk@samsung.com;0559-0513;5;20;2023
BRASIL;Sankyu Logistics Despachos Aduaneiros Ltda.;96178405000193;Av. Paulista, 1159 Sala 906-A - Cerqueira Cesar;São Paulo;SP;1311200;gerson.borges@sankyu.com.br;0200-0906;9;26;2016
BRASIL;Sartco Ltda;2199856000163;Av. Roque Petroni Jr., Nº 999, 9º andar, Sala A - Bairro Morumbi;São Paulo;SP;4707910;nelson.gonzales@adm.com;0043-0405;3;10;2026
BRASIL;Schenker Do Brasil Transportes Internacionais Ltda;43823079000163;Rua Geraldo Flausino Gomes, nº 78 - 12º e 13º andares - Brooklin Novo;São Paulo;SP;4575060;sebastiao.silva@dbschenker.com;0764-0616;6;16;2026
BRASIL;S.L.E. Silva Santana Transportes Ltda;642552000101;Rua Cruzeiro, nº 711 - Barra Funda;São Paulo;SP;1137000;boquirivu@uol.com.br;0753-0516;5;10;2026
BRASIL;Rodonaves Transportes Multimodal Ltda;35912495000100;AV. ALEXANDRE COLARES Nº 500 - 2º ANDAR - GALPÃO B - PARQUE ANHANGUERA;São Paulo;SP;5106901;MAURICIO.LIMA@RTE.COM.BR;1083-0520;5;20;2030
BRASIL;Roll-Logistics Brasil Ltda;14353423000108;RUA CUNHA GAGO Nº 700 - 14º ANDAR CONJUNTO 141 - PINHEIROS;São Paulo;SP;5421001;gfernandes@roll-logistics.com.br;0598-0114;1;7;2024
BRASIL;Avanti Br Soluções Em Logística S.A.;33838907000183;Rua Jerônimo da Veiga, 384, Andar 11, Conj. 111, Sala 03;São Paulo;SP;4536001;renata@fonsecabrasil.com.br;1151-0321;3;26;2031
BRASIL;ATD Gestão De Projetos Logísticos Do Brasil Ltda;15060677000192;Av. Angélica, 1.757 - Conj. 22 - Consolação;São Paulo;SP;1227200;adm@atdgroup.com.br;0570-0813;8;19;2035
BRASIL;ATD Gestão De Projetos Logísticos Do Brasil Ltda;15060677000192;Av. Angélica, 1.757 - Conj. 22 - Consolação;São Paulo;SP;1227200; amaluenda@atdgroup.com.br;0570-0813;8;19;2035
BRASIL;Ativa Distribuição E Logística Ltda;1125797000116;ROD CORONEL-POLICIA MILITAR NELSON TRANCHESI, 740, BLOCO 300, GALPÕES 16, BAIRRO ITAQUI;São Paulo;SP;6696110;MARIACON.FERA@GMAIL.COM;1451-1024;10;30;2034
BRASIL;Ativa Distribuição E Logística Ltda;1125797000116;ROD CORONEL-POLICIA MILITAR NELSON TRANCHESI, 740, BLOCO 300, GALPÕES 16, BAIRRO ITAQUI;São Paulo;SP;6696110;R.FURTADO@ATIVALOG.COM.BR;1451-1024;10;30;2034
BRASIL;Bitencourt Logística E Transportes Ltda - Me;3781114000104;Rua Domenico Palma, nº 755 - Jardim Cidália;São Paulo;SP;4652234;financeiro@bitlogsp.com.br;0808-1116;11;25;2026
BRASIL;Bertling Logistics Brasil Ltda.;8428626000105;AVENIDA PAULISTA Nº 1471 - 6º ANDAR - SALA 614 - BELA VISTA;São Paulo;SP;1311927;operations@bertling.com;0351-1009;9;16;2032
BRASIL;Blue Sky Transportes Internacionais Ltda;8902275000122;R CHEMIM DEL PRA Nº 107 - BAIRRO SANTANA;São Paulo;SP;2016060;LARISSA@BLUESKYTRANSPORTES.COM.BR;1396-0124;1;12;2034
BRASIL;Bdp South America Ltda;3706460000128;Avenida Alfredo Egídio de Souza Aranha, nº 100 - Bloco D - Vila Cruzeiro;São Paulo;SP;4726170;juridico@fcnaccounting.com;0512-0912;9;5;2022
BRASIL;Bechtrans Logística International Ltda;12365000136;Av. Vereador José Diniz, nº 3530, 2º andar, Campo Belo;São Paulo;SP;4604006;aazullin@bechtrans.com.br;0151-1105;12;9;2015
BRASIL;Baggio Transportes Ltda;13610140000123;RUA BANDEIRA PAULISTA, 600, CONJ. 141 - BAIRRO ITAIM BIBI;São Paulo;SP;4532001;bonagura@asalaw.com.br;1106-0820;8;21;2030
BRASIL;Acr Trading Importação E Exportação Ltda - Me.;14249275000178;Av. Sargento da Aeronáutica Plínio F. Gonçalves nº 488 - Jardim Cumbica;São Paulo;SP;7181100;antunes@acrtrading.com.br;0624-0614;6;24;2024
BRASIL;A.G. Projects Do Brasil Ltda;7710013000101;Av. Jandira, nº 295, Conjunto 805,806 e 807 - Moema;São Paulo;SP;4080001;r.manso@br.aprilenet.com;0639-0814;8;21;2024
DINAMARCA;A.P. Moller - Maersk A/S;5672864000173;Avenida Roque Petroni Júnior 999- 8º Andar - Vila Gertrudes;São Paulo;SP;47047910;andrea.belfiori@maersk.com;0546-0313;3;6;2023
BRASIL;A8 Interiores E Suprimentos Corporativos Ltda;32190485000110;Rua Frei Francisco Solano, 10 - Limão;São Paulo;SP;2710120;anapaula@falcotrade.com.br;1302-1022;10;5;2032
BRASIL;Agrex Do Brasil S.A.;10515785000199;Avenida Paulista, 1294, 23º andar, sala 231 - Bela Vista;São Paulo;SP;1310915;edson.dantas@agrex.com.br;0533-1212;12;10;2022
BRASIL;Adriana Pereira Monteiro Resende;33940034000115;RUA PONTES DE MORAIS, 545 - JARDIM DA PEDREIRA;São Paulo;SP;4468080;atendimento@nacex.com.br;1158-0421;4;26;2031
BRASIL;Andes Operador Multimodal Ltda;5908748000100;Av. das Nações Unidas, nº 14261, 28º andar, Conj. B parte, Ala B ;São Paulo;SP;4794000;intimacoes@hlag.com;0003-0205;6;24;2030
BRASIL;Amazon Logística Do Brasil Ltda.;28387734000194;Avenida Presidente Juscelino Kubitschek, nº 2.041, 18º andar - Vila Nova Conceição;São Paulo;SP;4543011;licencasbrasil@amazon.com;1316-1222;12;13;2032
BRASIL;ALIANÇA NAVEGAÇÃO E LOGÍSTICA LTDA.;2427026000146;Rua Verbo Divino, 1547, Conjuntos 501, 502, 801, 802, 1202, 1301, 1302 e 1401- Parte;São Paulo;SP;4719002;fernando.camargo@maersk.com;0007-0305;5;8;2035
BRASIL;ALIANÇA NAVEGAÇÃO E LOGÍSTICA LTDA.;2427026000146;Rua Verbo Divino, 1547, Conjuntos 501, 502, 801, 802, 1202, 1301, 1302 e 1401- Parte;São Paulo;SP;4719002;TAX-BR@MAERSK.COM;0007-0305;5;8;2035
BRASIL;Aliança Transporte Multimodal Ltda;31447188000144;Rua Verbo Divino, 1547 - Chacara Santo Antônio;São Paulo;SP;4719002;daniel.malta@atmmodal.com.br;0673-0415;4;30;2025
BRASIL;Allink Transportes Internacionais Ltda;86846847000107;ALAMEDA DOS MARACATINS, Nº 1217, CONJUNTO 1017 - MOEMA;São Paulo;SP;4089014;camilla.milanello@allink.com.br;1167-0521;5;27;2031
BRASIL;Airsupply Logística E Transportes Ltda;26074475000116;Rua Gavea, nº 546 - Vila Maria;São Paulo;SP;2121020;rogerio@airsupplybr.com;0868-1017;10;26;2027
BRASIL;Copersucar S.A.;10265949000177;AV DAS NAÇÕES UNIDAS ;São Paulo;SP;4794000;dionemrios@uol.com.br;0365-0110;10;28;2035
BRASIL;Copersucar S.A.;10265949000177;AV DAS NAÇÕES UNIDAS ;São Paulo;SP;4794000;albchristofoletti@copersucar.com.br;0365-0110;10;28;2035
BRASIL;Copersucar S.A.;10265949000177;AV DAS NAÇÕES UNIDAS ;São Paulo;SP;4794000;albchristofoletti@copersucar.com.br;0365-0110;10;28;2035
BRASIL;Cosco Shipping Lines (Brasil) S.A.;2502234000162;Av. Paulista, 1.337, 18º andar, conjuntos 181/182 - Cerqueira César;São Paulo;SP;1311200;li.zheng@coscoshipping.com.br;0980-0519;5;3;2029
BRASIL;Coli Shipping & Transport Do Brasil Ltda;23048581000137;Rua Pitu, nº 72, cj.123, 12º andar - Cidade das Monções;São Paulo;SP;4567060;gustavo.murari@coli-shipping.com;0929-0918;9;4;2028
BRASIL;Companhia Auxiliar De Armazéns Gerais;61145488000130;Avenida Paulista, nº 287, 1º andar - Bela Vista;São Paulo;SP;1311000;dionemrios@gmail.com;0859-0917;9;29;2027
BRASIL;Comercial Campestre Da Serra Ltda - Epp;17614000186;Rua  SEVERA , 1040 - Vila Maria;São Paulo;SP;21110001;ajudacampestre@uol.com.br;0397-0710;7;26;2020
BRASIL;Clipper Transportes Internacionais Ltda;54974027000104;Rua Rui Barbosa, 381, 1º andar, sala 12 - Bela Vista;São Paulo;SP;1326010;mariaitalia@clipperweb.com.br;1061-0320;3;17;2030
BRASIL;CMA CGM DO BRASIL AGÊNCIA MARÍTIMA LTDA;5951386000130;AVENIDA PAULISTA, Nº 283;São Paulo;SP;1311000;bma.lcalvino@cma-cgm.com;0701-0915;9;10;2035
BRASIL;CMA CGM DO BRASIL AGÊNCIA MARÍTIMA LTDA;5951386000130;AVENIDA PAULISTA, Nº 283;São Paulo;SP;1311000;bma.legal@cma-cgm.com;0701-0915;9;10;2035
BRASIL;Cma Cgm Do Brasil Agenciamento De Cargas E Serviços Logísticos Ltda;22636165000197;Rua Desembargador Eliseu Guilerme, nº 53, cj. 81 - Paraíso;São Paulo;SP;4004030;ssz.acarreira@cma-cgm.com;0937-0918;9;21;2028
BRASIL;Cma Terminals Do Brasil Ltda;8691713000150;Avenida Paulista, nº 283, conjunto 121, 12º andar - Bela Vista;São Paulo;SP;1311000;bma.legal@cma-cgm.com;0668-0315;4;1;2035
BRASIL;Cj Logistics Do Brasil Ltda;23785960000100;Avenida Engenheiro Luiz Carlos Berrini, nº 105, andar 29, sala - Edif. Berrini One - Cidade Moções;São Paulo;SP;4571010;arthur.hong@cj.net;0905-0518;5;25;2028
BRASIL;Ceva Freight Management Do Brasil Ltda.;3229138000155;AV. ENGENHEIRO LUIZ CARLOS BERRINI, Nº 105, CONJ. 41 - CIDADE MONÇÕES;São Paulo;SP;4571010;EDENOR.MAZAIA@CEVALOGISTICS.COM;1220-0122;1;24;2032
BRASIL;Cargill Agrícola S/A;60498706000157;  Av. Morumbi, Nº 8234 – Brooklin – R Caetano J. Batista;São Paulo;SP;4703002;gleno_becher@cargill.com;0315-1108;11;19;2018
BRASIL;Cat - Centro De Assistencia Ao Transporte Ltda;6196077000165;Rua Desembargador do Vale nº. 185 – Bairro Perdizes;São Paulo;SP;5010040;cat.transporte@catexpress.com.br;0234-0407;4;12;2017
BRASIL;Bsl - Brinks - Soluções Logisticas Ltda;26193944000116;RUA SILVERIO GONÇALVES, Nº 347 - VILA MARIA LUISA;São Paulo;SP;2754000;gustavoskiadv@outlook.com;1238-0422;4;20;2032
BRASIL;Brasilmaxi Logística Ltda.;59530832000162;Rua Bresser, 1933 e 2011- Belem;São Paulo;SP;3164160;monique.consuelo@brasilmaxi.com.br;0103-0805;12;3;2025
BRASIL;Bp Transportes E Logística Eireli - Epp;22326597000100;Av. Pedro Bueno, nº 1828 - Jabaquara;São Paulo;SP;4342001;fatima@bptransportes.com.br;0811-1216;12;12;2026
BRASIL;Intermodal Tank Transport Brasil Operador De Contêineres Tanque Ltda;3729608000140;Avenida Doutor Chucri Zaidan, nº 1550 - Sala 917-918, Vila Cordeiro;São Paulo;SP;4711130;mrovai@intermodaltank.com;0563-0713;6;29;2033
BRASIL;J. Martins Comercio Exterior Ltda;663389000155;AV. PAULISTA 726 - 5º ANDAR - CONJ. 506 - BELA VISTA;São Paulo;SP;1310910;jmartins@jmartins.com.br;0538-0113;1;10;2023
BRASIL;J&T Express Brazil Ltda;42584754000186;AV ENG LUIZ CARLOS BERRINI, Nº 105, CONJ 51, TORRE 3, SETOR BCOND THERA ONE COMMERCIAL - CIDADE MONÇÕES;São Paulo;SP;4571900;leonardo@a2solucoesinteligentes.com.br;1246-0522;5;5;2032
BRASIL;Jr Transportes Eireli - Epp;11158812000186;Rua Doutor Teodolindo Castiglione, nº 50 - Jardim São José;São Paulo;SP;2970030;jair@jrtransportessp.com.br;0699-0915;9;9;2025
BRASIL;KM CARGO LTDA;3745461000181;Rua Eli, nº 190;São Paulo;SP;2114010;kleber@kmcargo.com.br;0375-0410;4;24;2035
BRASIL;KM CARGO LTDA;3745461000181;Rua Eli, nº 190;São Paulo;SP;2114010;administrativo@waterlooservicos.com.br;0375-0410;4;24;2035
BRASIL;Js Logística De Cargas Ltda;8813540000104;RUA CANTAGALO, Nº 74, CJ 1406 A 1410 - TATUAPÉ;São Paulo;SP;69050001;otm@fcnaccounting.com;0727-1115;11;4;2025
BRASIL;Jsl S.A.;52548435000179;Avenida Juscelino Kubitschek, nº 1327, conj.221 - Edifício Internacional Plaza II;São Paulo;SP;4543011;antonio.lopes@jsl.com.br;0694-0715;7;29;2025
BRASIL;Kuehne+Nagel Serviços Logísticos Ltda;2886427000164;Av. das nações unidas nº 14.171 - 3º Andar, sala 304, Torre C - Cristal Tower do Cond. Rochaverá Corporate Towers - Vila Gertrudes;São Paulo;SP;4794000;eduardo.razuck@kuehne-nagel.com;0139-1005;3;22;2028
BRASIL;Gpa Logística E Transporte Ltda.;11666171000170;Avenida Brigadeiro Luís Antônio, n.º 3.172, 3º andar - Jardim Paulista;São Paulo;SP;1402901;eliane.yamada@gpabr.com;1027-1019;10;9;2029
BRASIL;Global Air Cargo Ltda;945958000155;Rua Castor, nº 51 - São Matheus;São Paulo;SP;8340120;global@globalcargo.com.br;0305-0908;9;17;2018
BRASIL;Global Air Cargo Ltda;945958000155;Rua Castor, nº 51 - São Matheus;São Paulo;SP;8340120; pablo@globalcargo.com.br;0305-0908;9;17;2018
BRASIL;Geodis Gerenciamento De Fretes Do Brasil Ltda;52147923000174;Avenida Francisco Matarazzo, nº 1350  - 5º andar - Torre 1 - Cond. Edifício CGD - Água Branca;São Paulo;SP;5001100;karin.schoner@geodis.com;0402-0710;7;30;2020
BRASIL;Geodis Soluções Globais De Logística Do Brasil Ltda.;10721342000154;AVENIDA FRANCISCO MATARAZZO, Nº 1350, CONJUNTO 53, 5º ANDAR, TORRE I, CONDOMÍNIO EDIFÍCIO CGD 1350  - AGUA BRANCA;São Paulo;SP;5001100;gabriela.sacilotti@geodis.com;1452-1124;11;12;2034
BRASIL;Gafor Ltda.;61288940000112;Av. das Nações Unidas, 10989 - 3º andar – Vila Olímpica;São Paulo;SP;4578000;kpereira@gafor.com.br;0332-0309;3;26;2019
BRASIL;Gafor Ltda.;61288940000112;Av. das Nações Unidas, 10989 - 3º andar – Vila Olímpica;São Paulo;SP;4578000; internacional@abti.org.br;0332-0309;3;26;2019
BRASIL;Hidrovias Do Brasil - Cabotagem Ltda;24292471000189;Rua Gilberto Sabino, nº 215 - 7º andar, sala 4 - Pinheiros;São Paulo;SP;5425020;juridico@hbsa.com.br;0842-0717;7;4;2027
BRASIL;Hidrovias Do Brasil - Navegação Norte S.A.;14820318000123;Rua Gilberto Sabino, nº 215, 7º andar, sala 2 - Pinheiros;São Paulo;SP;5425020;juridico@hbsa.com.br;0849-0717;7;18;2027
BRASIL;H Lobo Locações E Logística;8317007000143;RUA MIGUEL TELES, 05 - PIQUERI;São Paulo;SP;2912030;comercial@viasullogistica.com.br;0296-0508;4;1;2029
BRASIL;Host Logística Armazém De Cargas Ltda;6229799000179;Rua Santa Francisca - nº 485 - Vila Jaguara;São Paulo;SP;5116090;ediberto@midiatransportes.com.br;0646-1014;10;10;2024
BRASIL;Imexlog Logistíca Aduaneira Eireli;9366061000141;AV. NOVA CANTAREIRA, Nº 2087, CONJ. 92 - TUCURUVI;São Paulo;SP;2331003;adilson@imexlog.com;1333-0323;3;1;2033
BRASIL;Fast Log Soluções Logísticas Ltda - Me;7328036000148;RUA TEBAS Nº 164 - LOTE 21 QUADRA 6 - BAIRRO JARDIM BRASIL;São Paulo;SP;4634030;SIMONE@FASTLOGSL.COM.BR;1036-1119;11;8;2029
BRASIL;Ferrari Express Logística E Transporte Do Brasil Ltda;14657460000100;RUA PEDROSO ALVARENGA, 691 CONJ 606 E CONJ 607;São Paulo;SP;4531011;GEORGE@PIKIELNY.COM.BR;0643-1014;8;28;2035
BRASIL;Ferrari Express Logística E Transporte Do Brasil Ltda;14657460000100;RUA PEDROSO ALVARENGA, 691 CONJ 606 E CONJ 607;São Paulo;SP;4531011;jean@airbpo.com.br;0643-1014;8;28;2035
BRASIL;Faex Logistica Integrada Sociedade Unipessoal Ltda;10719208000119;RUA SIQUEIRA BUENO,Nº 1350 - BELENZINHO;São Paulo;SP;3173010;fiscal@faexlog.com;1170-0621;6;22;2031
BRASIL;Fox Cargo Do Brasil Ltda;5317708000194;RUA CUIABÁ Nº 229 - ALTO DA MOOCA;São Paulo;SP;3183000;caio@foxbrasil.com;0585-0913;9;19;2023
BRASIL;Fr. MeyerS Sohn Logistica Brasil Ltda. ;7066037000161;Rua Haddock Lobo, nº 337, 10º andar, conj. 101, Ed. Apolo I - Cerqueira Cesar;São Paulo;SP;1414901;daniel.santanna@fms-logistics.com;0967-0119;1;18;2029
BRASIL;Fracht Do Brasil Logística Ltda;5551328000110;Rua Professor Ernest Marcus, nº36 - Pacaembu;São Paulo;SP;1246080;rh@fracht.com.br;0718-1015;10;20;2025
BRASIL;Flogistics Brasil Logística E Transporte Ltda;47053481000167;AVENIDA ENGENHEIRO LUIZ CARLOS BERRINI, Nº 1748, CONJ. 304, SALA 03;São Paulo;SP;4571000;gustavoskiadv@outlook.com;1324-1122;11;22;2032
BRASIL;Frette Transporte Intermodal Eireli;32886824000105;Praça Dr. João Mendes, Nº 42, Andar 19, Cj 194 - Centro;São Paulo;SP;1501000;marco.aurelio@fretteintermodal.com.br;1000-0719;7;1;2029
BRASIL;FULL TIME LOGISTICA LTDA;15865630000104;RUA COSTA AGUIAR, Nº 1782;São Paulo;SP;4204002;renato@fulltimelogistica.com.br;0697-0815;10;2;2035
BRASIL;FULL TIME LOGISTICA LTDA;15865630000104;RUA COSTA AGUIAR, Nº 1782;São Paulo;SP;4204002;financeiro@fulltimelogistica.com.br;0697-0815;10;2;2035
BRASIL;Expresso Araçatuba Transportes E Logística Ltda.;57692055000127;Av. Alexandre Colares, 500 - Vila Jaguará;São Paulo;SP;5106000;rpalmeira@exata.com.br;0070-0505;6;7;2015
BRASIL;Expresso Rio Vermelho Transportes Ltda;7655407000104;"Rua Professora Maria Jose Barone Fernandes	, 701, Sala 82, Vila Maria";São Paulo;SP;2117022;juca@expressoriovermelho.com.br;1133-1220;12;29;2030
BRASIL;Escritório Hormino Maia De Despachos Ltda;60876265000180;Rua Conselheiro Crispiniano, nº 105, 8º, 9º e 10º andares - Centro;São Paulo;SP;1037001;ivon.bulgarelli@horminomaia.com.br;0152-1105;4;12;2026
BRASIL;Entre Pontos Express Ltda - Me;4142031000138;Rua Antonio Raposo, nº 212 - sala 01 - Lapa;São Paulo;SP;5074020;financeiro@entrepontos.com.br;0703-0915;9;9;2025
BRASIL;Entre Pontos Logística Ltda - Epp;21174348000175;Rua Antonio Raposo, nº 212 - Lapa;São Paulo;SP;5074020;financeiro@entrepontos.com.br;0704-0915;9;9;2025
BRASIL;Expedited América Do Brasil Transportes E Logística Internacional Eireli;31415174000149;Avenida Doutor Vital Brasil, 951, sala f - Butantã;São Paulo;SP;5503001;juridico@fcnaccounting.com;0982-0519;5;3;2029
BRASIL;Expeditors International Do Brasil Ltda;711083000127;Rua Doutor Renato Paes de Barros, nº 1017 - Itaim Bibi;São Paulo;SP;4530001;edmir.camargo@expeditors.com;0845-0717;7;5;2027
BRASIL;Dslog - Distribuidor De Serviços Logísticos Ltda;6315715000110;RUA EUGÊNIO DE FREITAS - Nº 424  - VILA GUILHERME;São Paulo;SP;2060000;rosiane.alves@dslog.com.br;0641-0914;9;10;2024
BRASIL;Dp World Logistics Brazil S.A.;28277393000102;PRAÇA  ANTONIO TELLES Nº 12 - 7º ANDAR - CONJUNTO 73 ( PARTE B) - CENTRO;São Paulo;SP;11013020;fernando.tortorello@dpworld.com;1345-0423;4;4;2033
BRASIL;Ecomex Cargo Logística E Transportes Ltda - Me;31971321000167;AVENIDA FAGUNDES FILHO Nº 191 - 8º ANDAR - CJTO 81 - ED. DALLAS - VILA MONTE ALEGRE;São Paulo;SP;4304010;EZEQUIEL.RIBEIRO@ECOMEXASSESSORIA.COM.BR;1005-0719;7;12;2029
BRASIL;Ecu Logistics Do Brasil Ltda.;5221721000145;Avenida Pacaembu, nº 1418;São Paulo;SP;1234000;robertopf@ecuspo.eculine.net;0013-0305;3;23;2015
BRASIL;Eduardo Francisco De Araujo Logística;14832664000121;RUA JOAQUIM MORAIS - 179  BAIRRO - JARDIM PEDREIRA;São Paulo;SP;4370020;eduardo@efacargas.com.br;1098-0720;7;31;2030
BRASIL;Eckert & Ziegler Brasil Comercial Ltda.;2887124000247;Rua Miguel Nelson Bechara, 480, Jardim Pereira Leite;São Paulo;SP;2712130;clarice.almeida@ezag.com;1084-0620;6;10;2030
BRASIL;Embragen Empresa Brasileira De Armazéns Gerais E Entrepostos Ltda;54048228000180;Av. Alexandre Mackenzie nº 137 - Jaguaré;São Paulo;SP;5322000;CASSIO.FILHO@EMBRAGEN.COM.BR;0539-0113;1;10;2023
BRASIL;Ef Comex - Logística Internacional Ltda;8258997000196;Rua da Consolação, nº 65, conjuntos 33,51 e 73 - Consolação;São Paulo;SP;1301000;edison.silva@efcomex.com.br;0793-0916;9;19;2026
BRASIL;Engelhart Ctp (Brasil) S.A.;14796754000104;AV BRIGADEIRO FARIA LIMA 3477 - 11º andar - ITAIM BIBI;São Paulo;SP;4538133;Ol-tax-commodities-brazil@btgpactual.com;1422-0624;6;3;2034
BRASIL;Danone Ltda;23643315000152;Avenida Paulista, nº 2300, andar 21, conj. 211 - Edif. São Luis Gonzaga - Cerqueira Cesar;São Paulo;SP;1310300;graziella.pereira@danone.com;0684-0615;6;30;2025
BRASIL;D-Log Brasil Operador Logístico Multimodal Ltda.;963519000175;Rua Nova Jerusalém, 78 - Tatuapé;São Paulo;SP;3410000;nicolauk@dlogbr.com;0990-0619;6;12;2029
BRASIL;Diavanti Soluções Logísticas Ltda - Me;26205804000110;RUA SILVA BUENO 1808 - 6º ANDAR - IPIRANGA;São Paulo;SP;4208001;DIRETORIA@DIAVANTI.COM.BR;0996-0619;6;18;2029
BRASIL;Dfm Transportes Multimodais Eireli;34244976000121;ALAMEDA SANTOS, 200, CONJ 11 - CERQUEIRA CESAR;São Paulo;SP;1418000;operacional@machadologbr.com;1020-0919;9;24;2029
BRASIL;DHL EXPRESS (BRAZIL) LTDA;58890252000113;AV. MANUEL BANDEIRA, Nº 291, ESCRITÓRIOS 32, 41, 42, E 43 - BLOCO D;São Paulo;SP;5317020;REGULATORIO.BR@dhl.com;0054-0505;4;1;2035
BRASIL;DHL EXPRESS (BRAZIL) LTDA;58890252000113;AV. MANUEL BANDEIRA, Nº 291, ESCRITÓRIOS 32, 41, 42, E 43 - BLOCO D;São Paulo;SP;5317020;regulatorio.br@dhl.com;0054-0505;4;1;2035
BRASIL;Dhl Transportes (Brazil) Ltda;46044913000100;Rua Jaceru, nº 151, Térreo, Conjunto 2, Parte B - Vila Gertrudes;São Paulo;SP;4705903;domingos.ramos@dhl.com;0675-0515;5;12;2025
BRASIL;W Net Logística E Transportes Ltda - Epp;7176842000148;Av. Dr. Lino de Morales Leme, nº 280 - Jardim Aeroporto;São Paulo;SP;4360000;wnlog@uol.com.br;0700-0915;9;9;2025
BRASIL;W Net Logística E Transportes Ltda - Epp;7176842000148;Av. Dr. Lino de Morales Leme, nº 280 - Jardim Aeroporto;São Paulo;SP;4360000; financeiro@wnetlogistica.com.br;0700-0915;9;9;2025
BRASIL;Wamc Master Logística Internacional Ltda;4580801000124;RUA DOMINGOS DE MORAIS Nº 2187 - BLOCO A - CONJ. 320, 321  E 322 - VILA MARIANA;São Paulo;SP;4035000;CONTATO@WAMCLOG.COM.BR;1315-1222;12;12;2032
BRASIL;Wegh Assessoria E Logística Internacional Ltda;65494742000166;RUA JOSÉ PATROCÍNIO, N°220, ACLIMAÇÃO;São Paulo;SP;4108000;gustavoskiadv@outlook.com;0599-0114;7;17;2034
BRASIL;Wv Soluções Logísticas Ltda;5486630000131;Rua Alcides Ricardini Neves, nº 12 - conj. 210 - Cidade Moções;São Paulo;SP;4575050;vidal@wvlogistics.com;0822-0117;1;25;2027
BRASIL;RUMO MALHA PAULISTA S.A.;2502844000166;AV. BRIGADEIRO FARIA LIMA, 4100, ANDAR 03, ;São Paulo;SP;4538132;MAYHARA.CHAVES@RUMOLOG.COM;1487-0425;4;14;2035
BRASIL;RUMO MALHA PAULISTA S.A.;2502844000166;AV. BRIGADEIRO FARIA LIMA, 4100, ANDAR 03, ;São Paulo;SP;4538132;LUIS.GOMES@RUMOLOG.COM;1487-0425;4;14;2035
BRASIL;ACTION TRANSPORTES RODOVIÁRIOS LTDA;34392740000132;RUA LAPLACE, nº 72, SALA 32;São Paulo;SP;4622000;wsevero@solucaoc.com.br;1489-0425;4;22;2035
BRASIL;COMEXIM LTDA;58150087000163;RUA AUGUSTA N.101 CONJ 1016 CEP 01305-000 CONSOLACAO;São Paulo;SP;1305000;luizaureliolelorodrigues@gmail.com;1477-0325;3;6;2035
BRASIL;Yusen Logistics Do Brasil Ltda;6106950000181;Via Anhanguera s,n - Km 26+421 Galpão 2 - Jardim Jaragua;São Paulo;SP;5275000;ylbr.fiscal@br.yusen-logistics.com;0891-0318;3;20;2028
BRASIL;SCAN GLOBAL LOGISTICS DO BRASIL LTDA;18829864000186;Av. das Nações Unidas, n° 14401;São Paulo;SP;4794000;lemel@scangl.com;1535-0326;3;13;2036
BRASIL;RUMO MALHA CENTRAL S.A.;33572408000197;Avenida Brigadeiro Faria Lima, nº 4.100, 3º Andar, Conj. 32, Sala 6;São Paulo;SP;4538132;raul.pereira@rumolog.com;1502-0625;6;17;2035
BRASIL;RUMO MALHA CENTRAL S.A.;33572408000197;Avenida Brigadeiro Faria Lima, nº 4.100, 3º Andar, Conj. 32, Sala 6;São Paulo;SP;4538132;mayhara.chaves@rumolog.com;1502-0625;6;17;2035
BRASIL;RUMO MALHA OESTE S.A.;39115514000128;AVENIDA BRIGADEIRO FARIA LIMA, Nº 4100;São Paulo;SP;4538132;raul.pereira@rumolog.com;1504-0625;6;18;2035
BRASIL;RUMO MALHA OESTE S.A.;39115514000128;AVENIDA BRIGADEIRO FARIA LIMA, Nº 4100;São Paulo;SP;4538132;mayhara.chaves@rumolog.com;1504-0625;6;18;2035
BRASIL;MOTZ TRANSPORTES LTDA;35825580000130;R MANUEL DA NOBREGA, 986;São Paulo;SP;4001003;TRIBUTARIO@MOTZ.COM.BR;1533-0326;3;4;2036
BRASIL;WIKILOG - TRANSPORTE, LOGISTICA E ARMAZENAMENTO LTDA;14146738000176;RUA JOSE MARIANO FILHO;São Paulo;SP;4347180;atendimento@vncontabil.com.br;1529-0226;2;24;2036
BRASIL;SGALVÃO LOGÍSTICA E TRANSPORTES LTDA;20945067000106;Avenida Marginal João Olézio Marques, nº 3563, sala 239-B ;Sertãozinho;SP;14176003;controladoria@gruposgalvao.com.br;1481-0325;3;25;2035
BRASIL;Eduardo T. Bernardo Transportes - Me;9174658000194;Rua André Rodrigues Cara, nº 5452 - Ipanema do Meio;Sorocaba;SP;18052591;contato@etgtransportes.com.br;0607-0214;2;4;2024
BRASIL;Hebrom Transportes E Logística Ltda - Me;26635898000168;Rua José Tótora, nº 418, sala 1 - Central Parque;Sorocaba;SP;18051005;klebia@cialogsolucoes.com.br;0923-0818;8;21;2028
BRASIL;Gálatas Express Eireli - Epp;26474159000131;Rua José Tótora, nº 418, sala 3 - Central Parque;Sorocaba;SP;18051005;FISCAL.FERRAZCON@HOTMAIL.COM;0922-0818;8;21;2028
BRASIL;Givova Transportes E Logística Eireli;36113872000103;RUA FERNADES VIEIRA Nº 142 - SALA 1 - VILA BARÃO;Sorocaba;SP;18060660;FINANCEIRO@GIVOVATRANSPORTES.COM.BR;1156-0421;4;26;2031
BRASIL;Bona Log Logística E Transporte Eireli;28201083000104;ALAMEDA CIESP, Nº 240 - CENTRO EMPRESARIAL;Sorocaba;SP;18086404;caio.reis@bonalog.com.br;1252-0522;5;11;2032
BRASIL;Carbolog Ltda;39830947000165;AV DOUTOR ANTÔNIO DE SOUZA NETTO, Nº 362, SL D - APARECIDINHA;Sorocaba;SP;18087210;b.yung@grupounimetal.com.br;1194-1021;10;8;2031
BRASIL;Jetta Transportes E Logística Ltda;15387508000161;AV. PEDRO PASCOAL DOS SANTOS, Nº 410, BLOCO 03, GALPÃO 02 - RESIDENCIAL PARQUE SUMARÉ;Sumaré;SP;13178561;jetta@jettatransportes.com.br;1280-0822;8;18;2032
BRASIL;Swift Log Logística Ltda;10391707000120;ESTM Mineko Ito, s/n, galpão 1, Log Business Park;Sumaré;SP;13178540;ivan.vieira@swiftlog.com.br;0691-0715;7;29;2025
BRASIL;Lsl Transportes Ltda;4548589000118;Estrada Municipal Valêncio Calegari, nº 777 - Avenida Interna, nº 6, Prédios 7E e 7F - Nova Veneza;Sumaré;SP;13181585;fiscal1@empresainteligente.com.br;0744-0316;3;8;2026
BRASIL;Suzan Service Transportes Ltda;53886768000170;Rua Baruel, nº 55 - Fundos - Vila Costa;Suzano;SP;8675000;maurilio@suzanservice.com.br;0228-0107;10;19;2026
BRASIL;Suzanlog Logística Ltda;9187372000143;Rua José Sanches Marin, nº 700 - Vila Colorado;Suzano;SP;8616770;edgar@suzanlog.com.br;0884-0218;2;5;2028
BRASIL;Cragea - Companhia Regional De Armazéns Gerais E Entrepostos Aduaneiros;44411353000150;Rodovia Índio Tibiriçá, 12000 Km 58 - Bairro de Palmeiras;Suzano;SP;8635170;arthur.kiyotani@cragea.com.br;0229-0107;1;18;2017
BRASIL;Irapuru Transportes Ltda;88668298000153;Estrada de São Francisco, nº 460 - Jardim Maria Rosa;Taboão da Serra;SP;6775460;celson@irapuru.com.br;0029-0305;7;8;2025
BRASIL;Eadi Taubaté Ltda;3781767000193;Avenida Roberto Bertoletti, nº 1001 - Chácara Flórida;Taubaté;SP;12042045;juridico@lachmann.com.br;0895-0418;4;4;2028
BRASIL;Bracex Global Logística Ltda;11734901000123;Rua Duque de Caxias, nº 169, aptº 24 - Centro;Taubaté;SP;12020050;d.maragno@bracex.com.br;0669-0415;4;13;2025
BRASIL;Al&X Transporte E Logística Ltda - Epp;21657330000124;Rua do Belém, nº 108 - Centro;Taubaté;SP;12010790;brtoper@gmail.com;0681-0615;6;10;2025
BRASIL;Vento International Transportes Nacionais E Internacionais Ltda;18296057000145;RODOVIA VISCONDE DE PORTO SEGURO Nº 2760 BLOCO 1 3º PISO SALA A -  SÍTIO RECREIO DOS CAFEZAIS;Valinhos;SP;13278327;marco.junior@ventointernational.com.br;1348-0523;5;3;2033
BRASIL;Vento Logística E Transportes Ltda;31532157000191;Rod. Visconde de Porto Seguro, 2760, bloco 01, sala c, piso 3 -  Sítio Recreio dos Cafezais;Valinhos;SP;13278327;cesar@ventologistica;0981-0519;5;3;2029
BRASIL;AERORAFA TRANSPORTES LTDA ;1738912000128;AV. DOS ESTADOS, 904;Valinhos;SP;13274260;AERORAFATRANSPORTES@GMAIL.COM;1492-0425;4;25;2035
BRASIL;Wt Amazonia Logística Ltda;25009450000176;RUA CRISTOVAM DE VITA Nº 260 GP 16, 17 E 18 - PARTE 3 - BAIRRO DAS PEDRAS;Vargem Grande Paulista;SP;6730000;regulatorio@caefsp.com.br;1456-1124;11;27;2034
BRASIL;Wt Log Ltda;43739026000169;RUA ALFREDO ACHCAR, Nº 985, LOTE 6 QUADRA UNIC - NOVA VINHEDO;Vinhedo;SP;13284072;gustavoskiadv@outlook.com;1234-0322;3;21;2032
BRASIL;Konig Do Brasil Carga Internacional Ltda;57598542000125;Av. Independencia (Jardim São Matheus) nº 7051 - Galpão 02 - Santa Claudina;Vinhedo;SP;13284400;guerra@konig.com.br;0172-0206;3;28;2032
BRASIL;Joelma Patricia Candeo;46587902000177;RUA ELVIRA PIZZATTO FERREIRA Nº 11 - ANDAR 2 - SALA 3 - CENTRO;Araucária;PR;83702205;consultoria.ttupi@gmail.com;1365-0823;8;11;2033
BRASIL;Joelma Patricia Candeo;46587902000177;RUA ELVIRA PIZZATTO FERREIRA Nº 11 - ANDAR 2 - SALA 3 - CENTRO;Araucária;PR;83702205;joelma-1980@hotmail.com;1365-0823;8;11;2033
BRASIL;Mal Transportes Rodoviários De Cargas Ltda;3096390000133;RODOVIA BR - 476 - Nº 3105 - TINDIQUERA;Araucária;PR;83708335;MILTONLINDNER@MALTRANSPORTE.COM.BR;1350-0523;5;9;2033
BRASIL;Rodo Mar Veiculos E Máquinas Ltda;84936426000141;Av. Archelau de Almeida Torres, nº 197, 1º andar - conj. 3 - Bairro: Centro;Araucária;PR;83702185;rodomar@rodomar.com.br;0223-0107;1;18;2017
BRASIL;Transportes Rodoviários Vale Do Piquiri Ltda;76302157000133;AVENIDA MARGINAL DOUTOR EZUEL PORTES Nº 3399 - QD. 0391 - LOTE ABR2 - ÁREA RURAL DE CASCAVEL;Cascavel;PR;85820899;FISCAL.TRANSVALE@TRANSVALE.COM.BR;1099-0720;7;31;2030
BRASIL;Trugghub Desenvolvimento Em Transporte De Carga Ltda;35506775000118;R IMACULADA CONCEICAO, Nº 1430 - PRADO VELHO;Curitiba;PR;80215182;daniel@trugghub.com;1254-0522;5;18;2032
BRASIL;Transmarine Soluções Logisticas Ltda;31590673000172;RUA GENERAL MARIO TOURINHO, Nº 1805, SALA 1406 - SEMINARIO;Curitiba;PR;80740000;operacional@transmarine.com.br;1172-0621;6;22;2031
BRASIL;Sws Logística - S/S - Epp;7996749000180;Avenida Presidente Affonso Camargo, nº 2125, sala B - Cristo Rei;Curitiba;PR;80050370;rodrigo@seawards.com.br;0682-0615;6;10;2025
BRASIL;Rumo S.A. (Antiga All);2387241000160;RUA EMÍLIO BERTOLINI, Nº 100, SALA 01, CAJURU - VILA OFICINAS;Curitiba;PR;82920030;camille.viana@rumolog.com;0121-0905;10;17;2026
BRASIL;Rio Transportes Comércio E Locação De Automóveis Eireli Me;7775831000184;TRAVESSA SANTA INÊS, 40 - BACACHERI;Curitiba;PR;82515220;danibcaron;0877-1217;12;21;2027
BRASIL;Ritmo Logística S.A.;12898982000160;Rua João Kalinowski nº 170 - CIC;Curitiba;PR;81350250;tributos@ritmolog.com.br;0723-1115;11;4;2025
BRASIL;Paraná Soluções Logísticas E Transportes Ltda;3020839000180;Rua Antônio Claudino, nº 215 - Pinheirinho;Curitiba;PR;81870020;ASSISTENTEDIRETORIA@PARANATRANSPORTES.COM.BR;0657-1214;12;23;2024
BRASIL;Pinho Ltda;79608055000139;Rua General Carneiro,  nº 1.031 - Centro;Curitiba;PR;80060150;juridico@pinho.com.br;0120-0905;4;18;2033
BRASIL;Mslog Transportes E Logística Ltda;24949709000104;RUA JOÃO NEGRÃO Nº 162 - CONJ. 42 - 5º ANDAR - CENTRO;Curitiba;PR;80010200;OPERACIONAL@MSLOGTRANSPORTES.COM.BR;1064-0320;3;18;2030
BRASIL;Lozenge Log Logística E Participações Ltda;16733696000103;Rua Visconde do Rio Branco, nº 1630 - 1º andar - Centro;Curitiba;PR;80420210;fabianob@lozengeintl.com;0578-0913;9;10;2023
BRASIL;Login Transportes Nacionais E Internacionais Ltda;7067114000106;RUA PASTEUR, 463 - SALA 302 BAIRRO ÁGUA VERDE;Curitiba;PR;80250080;LSANTOS@LOGIN-INT.COM;0596-1213;12;16;2023
BRASIL;Loger Navegação Comércio E Operação De Plataformas De Logística Multimodal Ltda;14447169000107;RUA MÉXICO, Nº 1211 - BAIRRO BACACHERI;Curitiba;PR;82520190;marcelo@logernavegacao.com.br;0523-1012;10;4;2022
BRASIL;Gbr Transportes Ltda;46699616000101;RUA NILO PEÇANHA Nº 37 - SÃO FRANCISCO;Curitiba;PR;80520000;gustavoskiadv@outlook.com;1291-0922;9;15;2032
BRASIL;Gmi Transportes Internacionais Ltda;13279291000140;Rua Dr. Abel Walter Brunnquell, nº 425, Bairro Pinheirinho;Curitiba;PR;81870270;luiz.c@gimovers.com.br;1328-0223;2;13;2033
BRASIL;Atlântico Logística Multimodal Ltda;18642238000186;RUA ÉBANO PEREIRA Nº 476 - SÃO FRANCISCO;Curitiba;PR;80410240;celso@atlanticomultimodal.com.br;0589-1013;10;24;2023
BRASIL;BRADO LOGISTICA S.A.;3307926000112;Rua Emílio Bertolini, 100, Bloco B;Curitiba;PR;82920030;henrique@brado.com.br;0382-0510;11;6;2035
BRASIL;BRADO LOGISTICA S.A.;3307926000112;Rua Emílio Bertolini, 100, Bloco B;Curitiba;PR;82920030;fiscal@brado.com.br;0382-0510;11;6;2035
BRASIL;Cargolift Logística S/A;82270711000140;RUA ARTHUR MARTINS FRANCO, 880 - CIC;Curitiba;PR;81350100;vicente@cargolift.com.br;0507-0812;8;30;2022
BRASIL;Cargo Logistics Do Brasil - Logística Internacional De Cargas Ltda;5596191000110;Avenida Nossa Senhora Aparecida, 381 sala 13 - Seminário;Curitiba;PR;80440000;cargologistics@cargologistics.com.br;0173-0206;2;23;2016
BRASIL;Clemente Transportes Ltda - Me;22938131000157;Rua Presidente Pádua Fleury, nº 1309, sala 4 - Hauer;Curitiba;PR;81630240;contato@lelotransportes.com;0948-1018;10;19;2028
BRASIL;Connect Linhas Aéreas S/A;20884061000176;Rua Heitor Stockler de França, nº 396 - conjunto 1708 - Centro Cívico;Curitiba;PR;80030030;f.santos@connect-cargo.com;0887-0218;2;9;2028
BRASIL;Vt Logistics Solutions Ltda;41432943000170;Rua Heitor Stockler de França, n.º 396, Conjunto 1004, Andar 10, Cond. Neo Super Quadra Ed Bloco Neo Super Quadra Torre - Centro Cívico;Curitiba;PR;80030030;herminioantunes@uol.com.br;1327-0223;2;6;2033
BRASIL;Volvo Do Brasil Veículos Ltda;43999424000114;Avenida Juscelino Kubitscheck de Oliveira, nº 2600 – CIC;Curitiba;PR;81260900;carlos.morassutti@volvo.com;0238-0507;5;8;2017
BRASIL;Volvo Do Brasil Veículos Ltda;43999424000114;Avenida Juscelino Kubitscheck de Oliveira, nº 2600 – CIC;Curitiba;PR;81260900; monica.beckert@volvo.com;0238-0507;5;8;2017
BRASIL;RUMO MALHA SUL S.A.;1258944000126;Rua Emílio Bertolini, nº 100;Curitiba;PR;82920030;ticiano.bragatto@rumolog.com;1494-0525;5;6;2035
BRASIL;RUMO MALHA SUL S.A.;1258944000126;Rua Emílio Bertolini, nº 100;Curitiba;PR;82920030;luis.gomes@rumolog.com;1494-0525;5;6;2035
BRASIL;RUMO MALHA SUL S.A.;1258944000126;Rua Emílio Bertolini, nº 100;Curitiba;PR;82920030;camila.elen@rumolog.com;1494-0525;5;6;2035
BRASIL;Binacional Assessoria De Comércio Exterior E Logística Ltda;6182002000125;Avenida Olimpio Rafagnin, nº 5225;Foz do Iguaçu;PR;85862210;adm@binacional.com.br;0759-0616;7;17;2036
BRASIL;Binacional Assessoria De Comércio Exterior E Logística Ltda;6182002000125;Avenida Olimpio Rafagnin, nº 5225;Foz do Iguaçu;PR;85862210;habilitacaoantt@binacional.com.br;0759-0616;7;17;2036
BRASIL;ANTONIO MUNHAK & CIA LTDA;5441096000147;Rodovia BR 277, Km 721, nº 9748;Foz do Iguaçu;PR;85859688;toninho@munhaklog.com.br;0742-0216;7;13;2036
BRASIL;Transportadora Binacional Ltda;77945368000157;Avenida Olimpio Rafagnin, nº 5225, sala 1;Foz do Iguaçu;PR;85862210;adm@binacional.com.br;0195-0706;7;15;2036
BRASIL;Transportadora Binacional Ltda;77945368000157;Avenida Olimpio Rafagnin, nº 5225, sala 1;Foz do Iguaçu;PR;85862210;habilitacaoantt@binacional.com.br;0195-0706;7;15;2036
BRASIL;Transportadora Meztra Ltda;82355629000119;Avenida Moacir Júlio Silvestri, nº 2145, Térreo - Jardim Pinheirinho;Guarapuava;PR;85015370;meztra@globo.com;0604-0114;1;24;2024
BRASIL;Sotran S/A -  Logística E Transporte;3286888000169;RUA JOÃO WYCLIF, Nº 111,  SALA 2301 A 2304,  23º ANDAR,  ED. CENTRO EMPRESARIAL JARDIM SUL - GLEBA FAZENDA PALHANO;Londrina;PR;86050450;contabil@sotran.com.br;0413-0910;10;15;2031
BRASIL;Tindiana Logística E Transportes Ltda;5089654000157;RUA WALTER PEREIRA, 365 - PARQUE INDUSTRIAL CACIQUE;Londrina;PR;86072400;eliane@indianatransportes.com.br;1044-1012;12;10;2029
BRASIL;Rodoviário Matsuda Ltda;3837329000108;Rodovia PR 317, KM 02, Lote 326/339-A – Sala 01 – Gleba Patr. Maringá;Maringá;PR;87065000;lazaro@rodomatsuda.com.br;0323-0209;2;2;2019
BRASIL;Transportadora Matsuda Ltda;79139762000123;ROD. PR 317 KM 2 LOTE 341;Maringá;PR;87065000;dionemrios@uol.com.br;0618-0514;5;23;2024
BRASIL;Ottho Viagens E Turismo;12191933000192;AV. REBOUÇAS Nº 61I B - BAIRRO - ZONA 10;Maringá;PR;7030410;lutur54@hotmail.com;1117-1020;10;5;2030
BRASIL;G10  Transportes Ltda;7569161000140;RODOVIA PR 317, 4652 - Bloco 04 - Parque Industrial 200;Maringá;PR;87035510;qualidade@g10transportes.com.br;0384-0610;11;20;2030
BRASIL;International Shipping Do Brasil Ltda;18151279000170;Av. Gabriel de Lara, n° 733 - sala 01;Paranaguá;PR;83203550;atendimento@isb.srv.br;0662-0215;2;3;2025
BRASIL;Rocha Terminais Portuários E Logística S.A.;81716144000140;RUA JOÃO EUGÊNIO, Nº 922 - CENTRO;Paranaguá;PR;83203400;gdoc@ruthes.srv.br;0030-0305;3;21;2035
BRASIL;Martini Meat S/A Armazens Gerais;75294801000106;Rod. BR 277, s/nº, Km 6 - Colônia Santa Rita;Paranaguá;PR;83203540;fiscal@martinimeat.com.br;0472-0112;2;7;2032
BRASIL;Jorge Manchur & Cia Ltda;77024644000144;RUA CONSELHEIRO ZACARIAS Nº 640 - CENTRO;Pitanga;PR;85200000;FINANCEIRO@TRANSPORTESMANCHUR.COM.BR;1309-1122;11;1;2032
BRASIL;Jblog Transporte Rodoviário De Cargas Eireli;18375720000105;Rua Imperatriz Leopoldina, nº 321 - Cidade Balneária Atlântica;Pontal do Paraná;PR;83255000;luiz@rodonery.com.br;0898-0418;4;5;2028
BRASIL;Expresso Adorno Ltda;79458584000101;Rodovia Contorno  Leste, BR 116, nº 9119 - Costeira;São José dos Pinhais;PR;83015162;anderson@contabilidadeamorim.com.br;0316-1108;7;31;2034
BRASIL;Eagle Cargo Transportes E Logística Ltda - Epp;8808582000149;Rua Pedro Trevisan, nº 476 - Colônia Rio Grande;São José dos Pinhais;PR;83025580;julio.campos@eaglecargo.com.br;0926-0818;8;23;2028
BRASIL;Eagle Soluções Logísticas Ltda;28966357000148;RUA PEDRO TREVISAN, Nº 476, SALA 01 - COLONIA RIO GRANDE;São José dos Pinhais;PR;83025580;gustavokiadv@outlook.com;1201-1121;11;5;2031
BRASIL;Anjun Brasil Logística Inteligente Ltda;1730135000175;AVENIDA RUI BARBOSA, Nº 2529, GALPÃO 14 - IPÊ;São José dos Pinhais;PR;83055320;bruno@anjunbrasil.com.br;1287-0922;9;2;2032
BRASIL;Agetran - Transportes De Cargas S/A;76416718000125;Rua Maceiro, nº 366 - Jardim Aeroporto;São José dos Pinhais;PR;83200000;martini@pinho.com.br;0113-0805;8;19;2015
BRASIL;Bbm Logística S.A.;1107327000120;Alameda Bom Pastor, nº 2216 - Barro Preto;São José dos Pinhais;PR;83015810;bbm@bbmlogistica.com.br;0303-0908;10;24;2028
BRASIL;Catlog Logística De Transportes S/A;2096806000150;Av. Renault, 1300;São José dos Pinhais;PR;83075000;adauri.munhoz@groupecat.com;0050-0405;4;29;2015
BRASIL;Catlog Logística De Transportes S/A;2096806000150;Av. Renault, 1300;São José dos Pinhais;PR;83075000; gennaro.oddone@groupecat.com;0050-0405;4;29;2015
BRASIL;Loga Logística E Transportes Ltda;80583255000163;Rua Alexandre Zanchetta, nº 131 - Bairro Campina;São José dos Pinhais;PR;83015148;a.cattalini@logalogistica.com.br;0768-0616;6;22;2026
BRASIL;Tlog Transportes Ltda;11227828000101;RUA DR. MURICI, 3400 - COLONIA MURICI;São José dos Pinhais;PR;83085310;fiscal1@grupotlog.com.br;1180-0721;7;9;2031
BRASIL;Stocktrans Logistica E Transportes - Eireli;17932436000111;R. JOAQUIM ALVES FONTES, 2058 - COLONIA MURICI;São José dos Pinhais;PR;83085500;MAIKON.MEIRA@GRUPOTGSLOG.COM.BR;1046-1219;12;11;2029
BRASIL;Vrb Log Transportes Ltda;27351349000124;AV. DAS TORRES  Nº 4868 - BAIRRO - SÃO PEDRO;São José dos Pinhais;PR;88005450;everton.rodrigues@vbrlog.com.br;1039-1119;11;22;2029
BRASIL;Vrb Transportes Eireli;23787980000110;RUA SOLDADO FRANCISCO PEREIRA DOS SANTOS nº 120 - BAIRRO - CRUZEIRO;São José dos Pinhais;PR;83010470;guilherme.cordeiro@vrblog.com.br;1040-1119;11;22;2029
BRASIL;Vale Do Tibagi Transportes E Logística Ltda;75703256000164;Rodovia PR - 160, Km 224, Parque Limeira Área VII;Telêmaco Borba;PR;84269090;herminioantunes@uol.com.br;1317-1222;12;22;2032
BRASIL;David Representações Comerciais Ltda;31442779000129;Estrada Velha de Joinville, 8888 - Rio de Uma;Tijucas do Sul;PR;83190000;davidlessa@icloud.com;1247-0522;5;5;2032
BRASIL;Bayer Logística Ltda;21212202000177;RUA 1.822, Nº 400 - SALA 1.603,  EDIF. CIAPLAN EMPRESARIAL - CENTRO;Balneário Camboriú;SC;88330484;ADAMO.BAYER@BAXLOG.COM.BR;0656-1214;12;23;2024
BRASIL;Vmlog Logística Internacional Ltda;7658436000111;Rua 1500, 384 - Centro;Balneário Camboriú;SC;88330524;iara@vmlog.com.br;0259-1007;10;4;2017
BRASIL;Akamai Soluções Logisticas E Importação Ltda;25196194000173;RUA LEANDRO DELCASTANHER RODRIGUES, 432 - SALA 02  - ITAJUBA;Barra Velha;SC;88390000;aislan.sassi@akamaisl.com.br;1381-0923;9;26;2033
BRASIL;Transben Transportes Ltda.;3523549000159;Avenida Primeiro de Maio, nº 900, Galpão A - Primeiro de Maio;Brusque;SC;88353202;contabil@transben.com.br;1392-1223;12;8;2033
BRASIL;Transportes Ari Ltda;85155372000140;RUA MAX BECKER, Nº 480 - BAIRRO FRAGOSOS;Campo Alegre;SC;89294000;administrativo3@transportesari.com.br;1243-0422;4;26;2032
BRASIL;Mendes & Koch Ltda;74006115000120;RUA ANTONIO LUIZ BITTENCOURT, 339, SALA 02 - BAIRRO -  ALVORADA;Capivari de Baixo;SC;84745000;norberto@jnmk.com.br;1019-0919;9;23;2029
BRASIL;Coopercarga S/A;81800849000141;RUA MARECHAL DEODORO N.º 36 - BAIRRO CENTRO;Concórdia;SC;89700904;internacional@abti.org.br;1259-0522;5;24;2032
BRASIL;Cargo Brasil Ltda;3362521000187;RODOVIA EMILIO MANKE JR, 715, SALA 01 - BEIRA RIO;Guaramirim;SC;89270000;controladoria.mtz@cargobrasil.com;1030-1019;3;14;2033
BRASIL;Transreis - Transportes E Operador Logístico Ltda;31128830000122;RUA HERCÍLIO JOSÉ FERNANDES, 128 ,  BAIRRO BARRACÃO;Içara;SC;88820000;contabilidade3@eskimo.com.br;1408-0224;2;21;2034
BRASIL;Terminal Intermodal Sul S.A.;19675338000171;Rod. Lino Zanolli, nº 4055, sala  01 - Bairro Aurora;Içara;SC;88820000;acacio.braga@otimizacont.com.br;0655-1214;12;23;2024
BRASIL;Sul Norte Logística Ltda;80475007000107;Avenida Marieta Konder Bornhausen, nº 2901 - Nova Brasília;Imbituba;SC;88780000;rubia@sulnortelogistica.com.br;0957-1218;12;10;2028
BRASIL;Smx Logistics Transporte Multimodal Ltda;50188007000157;Rua Fritz Schneider, nº 7, Andar 1 e 2,  Sala B - Fazenda;Itajaí;SC;88301668;nadio.nunes@safftransportes.com.br;1352-0523;5;30;2033
BRASIL;Taglog Serviços Logísticos Ltda;10635834000127;Rua César Augusto Dalçoquio, nº 4255 - Galpão A e B - Salseiros;Itajaí;SC;88311500;arlindo.alves@taglog.com.br;0873-1117;11;27;2027
BRASIL;Rrs Serviços Auxiliares De Transportes Aéreo Eireli;28327684000150;Rua Uruguai, 122, sala 03, box 28 - Centro;Itajaí;SC;88302200;contato@gpcontabilidade.net;0965-0119;1;15;2029
BRASIL;Samba Logística E Transportes Internacionais Ltda;14044345000151;RUA MANOEL VIEIRA GARÇÃO Nº 120 - SALA 1002 - CENTRO;Itajaí;SC;88301425;FINANCEIRO01@SAMBALOGISTICS.COM;1090-0720;7;10;2030
BRASIL;Servicargo Transportes Rodoviários Ltda;1832166000137;Avenida Teporti, nº 101 - sala 02 - Cordeiros;Itajaí;SC;88311460;juniorpedroni@servicargo.com.br;0773-0716;7;4;2026
BRASIL;Uwl Do Brasil Operadora Multimodal Ltda;13753483000147;Rua Doutor  Pedro Ferreira nº 333 - Salas 1901 à 1907 - Edificio Absolute Busines - Centro;Itajaí;SC;88301030;APBRA@SHIPUWL.COM;0998-0619;6;19;2029
BRASIL;Unity Logística E Transportes Ltda;23104878000172;Rua Camboriú;Itajaí;SC;88301451;nirio@unicalog.com.br;0729-1115;1;16;2036
BRASIL;Unity Logística E Transportes Ltda;23104878000172;Rua Camboriú;Itajaí;SC;88301451;financeiro@unitylogistics.com.br;0729-1115;1;16;2036
BRASIL;Marcio Glei Gularte Farias;18164235000184;RUA HILDA BREITTENBAUCH, Nº 80 - VILA OPERARIA;Itajaí;SC;88303005;marcio.farias@atlglobalshipping.com;0565-0713;7;17;2023
BRASIL;Multilog Armazéns Gerais E Logística S/A;11101147000194;Rodovia Deputado Antonio Heil, nº 429 - sala 20 - Bairro Itaipava;Itajaí;SC;88316701;armindo.leiva@multilog.com.br;0431-0311;3;28;2021
BRASIL;Multilog S/A;78614229000103;Rodovia Deputado Antonio Heil, nº 4999 - Bairro Itaipava;Itajaí;SC;88316003;marcelo.muller@multilog.com.br;0083-0605;9;8;2025
BRASIL;Logic Pharma Logística E Armazéns Gerais  Ltda;21372384000143;Rodovia Antonio Heil,  Nº 1.001, Km 01, Galpão 11 - Itaipava;Itajaí;SC;88316001;thiago.borlenghi@ibllogistica.com.br;1031-1019;10;25;2029
BRASIL;Lions Logistica Internacional E Agenciamento De Cargas Ltda;19493112000150;Rua Indaial, nº 424 - sala 06 - Dom Bosco;Itajaí;SC;88303300;leandro@lionslogistics.com.br;0890-0218;2;26;2028
BRASIL;Otmex Brasil Transporte Multimodal Ltda;29584183000111;Rua Bertolino Serpa, 501, sala 07, galpão 01 - Bairro Salseiros;Itajaí;SC;88311547;vanessa.provesi@auditar.com.br;1080-0520;5;15;2030
BRASIL;Orsi Logística Ltda;13872662000101;RUA DOUTOR REINALDO SCHMITHAUSEN, Nº  407, SALA E - CORDEIROS;Itajaí;SC;88310000;contato@ollogistica.com.br;1356-0623;6;26;2033
BRASIL;Platinum Log Armazéns Gerais Ltda;12680452000140;Rua Cesar Augusto Dalçoquio, nº 5001, galpão 3, Salseiros;Itajaí;SC;88311500;gustavo@terminaispl.com.br;0924-0818;8;21;2028
BRASIL;Phs Transportes Ltda;43312110000100;Rua Izaura Dalago, nº 29, Vila Operária;Itajaí;SC;88304110;phslog@outlook.com;1399-0124;1;16;2034
BRASIL;Nelson Heusi Logística E Armazéns Gerais Ltda;9211360000107;RUA JOSÉ PEREIRA LIBERATO, Nº 1710, GALPÃO 06 - SÃO JOÃO;Itajaí;SC;88303401;seveiculos@seveiculos.etc.br;1176-0621;6;25;2031
BRASIL;BRP LOGÍSTICA LTDA;18354383000161;DOUTOR PEDRO FERREIRA, NÚMERO 155;Itajaí;SC;88301410;brpartners@brpartners.net;0658-1214;8;14;2035
BRASIL;BRP LOGÍSTICA LTDA;18354383000161;DOUTOR PEDRO FERREIRA, NÚMERO 155;Itajaí;SC;88301410;jonas.pelegrini@brplog.com;0658-1214;8;14;2035
BRASIL;Cronos Logística Ltda;30080685000194;RUA CAMBORIÚ Nº 26 - SALAS 402 E 403 - ED. VÉRTICE 4º ANDAR - CENTRO;Itajaí;SC;88301450;COMPLIANCE@CRONOSLOGISTICS.COM.BR;1135-0121;1;12;2031
BRASIL;Conexao Maritima - Servicos Logisticos S.A.;8473312000124;ROD, BR 101, KM 112 N°700 - BAIRRO - SALSEIRO;Itajaí;SC;88311600;flnanceiro@cmaritima.com.br;1066-0320;3;20;2030
BRASIL;Amtrans Logística E Transportes Internacionais Ltda;4517940000103;Avenida Ministro Victor Konder, nº 1030 - 2º andar - Fazenda;Itajaí;SC;88301701;s.silva@amtrans.com.br;0202-0906;4;10;2027
BRASIL;B&M Logística Internacional Ltda;7720307000106;RUA JOÃO MELO, Nº 35 -  CENTRO;Itajaí;SC;88302004;alexandre@bmlog.com.br;0612-0314;3;20;2024
BRASIL;Dmx Logística Ltda;10651736000183;RUA BERTOLINO SERPA, Nº 250 - SALSEIROS;Itajaí;SC;88311547;contabilidade@dmxcargo.com;1169-0621;6;18;2031
BRASIL;Elo Soluções Logísticas Integradas Ltda;31626973000164;Rua Pedro Ferreira, nº 333, Salas 701, 702 e 703;Itajaí;SC;88301030;ricardo@elo.log.br;1162-0521;5;26;2031
BRASIL;Elo Soluções Logísticas Integradas Ltda;31626973000164;Rua Pedro Ferreira, nº 333, Salas 701, 702 e 703;Itajaí;SC;88301030;fiscal@elo.log.br;1162-0521;5;26;2031
BRASIL;Fad Transportes Ltda;43672068000120;AVENIDA VEREADOR ABRAHAO JOÃO FRANCISCO, Nº 2957 , BOX 14 - RESSACADA;Itajaí;SC;88307303;flaviovicini@hotmail.com;1402-0124;1;26;2034
BRASIL;Kai Do Brasil Navegação E Logística Ltda;51277418000181;Avenida Getúlio Vargas, 162 - Sala 01 - Box 01 e 02 - Vila Operária;Itajaí;SC;88303220;aislan.sassi@akamaisl.com.br;1383-1023;10;31;2033
BRASIL;Krg Logística Ltda;20976666000197;Avenida Ministro Victor Konder, nº 200, sala 101 B - Centro;Itajaí;SC;88301700;krg@krg-log.com.br;0897-0418;4;4;2028
BRASIL;Granson Transportes Multimodal Ltda;19614199000176;AVENIDA CORONEL MARCOS KONDER Nº 1207 - SALA 158 (G-157) - CENTRO;Itajaí;SC;88301902;adamo.bayer@grason.com.br;0633-0814;8;4;2024
BRASIL;Vs Transportes Ltda;9423645000101;AVENIDA MARIO URIARTE, Nº 805 - CORDEIROS;Itajaí;SC;88310697;thiago@vstransportes.com.br;1447-1024;10;3;2034
BRASIL;ILT TRANSPORTES LTDA;47009019000162;AV. CORONEL MARCOS KONDER Nº 1024 - SALA 103 A;Itajaí;SC;88301302;financeiro@grupoilt.com.br;1486-0425;4;9;2035
BRASIL;AYA GLOBAL AGENCIAMENTOS LTDA;36771417000103;Rua Egon Muller, nº 107, Lote 042, Sala 05 e 16B;Itajaí;SC;88307322;LEONARDO@AYAGLOBAL.COM.BR;1531-0226;2;26;2036
BRASIL;AYA GLOBAL AGENCIAMENTOS LTDA;36771417000103;Rua Egon Muller, nº 107, Lote 042, Sala 05 e 16B;Itajaí;SC;88307322;JF@AYAGLOBAL.COM.BR;1531-0226;2;26;2036
BRASIL;MARCONE VIDAL SERVIÇOS DE LOGÍSTICA LTDA;25408353000156;Rua Dr Pedro Ferreira nº 333,;Itajaí;SC;88301030;marcone@conlinebr.com.br;1506-0725;7;10;2035
BRASIL;Vmg Transporte E Logistica Ltda.;14781362000171;Estrada 5000 Jose Alves Até 2350/2351 SN, Fundos estrada Vicinal;Itapoá;SC;89365080;CLEMIR.ALVES@ELITECARGAS.COM.BR;1468-0225;2;10;2035
BRASIL;Alves & Andrade Transportes Ltda;5638569000109;ESTRADA JOSE ALVES 77;Itapoá;SC;89249000;CLEMIR.ALVES@ELITECARGAS.COM;1473-0225;2;18;2035
BRASIL;Rmc Transportes E Agenciamento De Cargas Ltda;9265225000144;RUA HERBERTO SASSE, Nº 31 - ILHA DA FIGUEIRA;Jaraguá do Sul;SC;89258120;gerencia@rmccargo.com.br;1239-0422;4;20;2032
BRASIL;Luisa E Miguel Transportes Ltda;31402132000173;RUA QUINZE DE NOVEMBRO Nº 4315 - SALA 107 B - CENTRO COMERCIAL EXPOVILLE - GLÓRIA;Joinville;SC;89216203;DEBORA@LUMILOGISTICS.COM.BR;1116-0920;9;21;2030
BRASIL;M3 Transportes Rodoviários Eireli;30187943000136;RUA JAROSLAU CLEMENTE PESCH Nº 202 - SALA 03 - NOVA BRASÍLIA;Joinville;SC;89213140;JOSIEL@M3LOGISTICA.COM.BR;1290-0922;9;15;2032
BRASIL;Transporte Mann Eireli;78663788000103;AV. EDMUNDO DOUBRAWA Nº 700 - DISTRITO INDUSTRIAL;Joinville;SC;89219502;ALEXANDRE@TRANSMANN.COM.BR;1058-0320;3;6;2030
BRASIL;Ícaro Express Logística Ltda;6225952000190;Rua Dona Francisca, 8.300, Bloco C, Módulo 8 - Zona Industrial Norte;Joinville;SC;89219600;rubens@icaroexpress.com.br;0872-1117;11;17;2027
BRASIL;Ícaro Express Logística Ltda;6225952000190;Rua Dona Francisca, 8.300, Bloco C, Módulo 8 - Zona Industrial Norte;Joinville;SC;89219600; lillia@icaroexpress.com;0872-1117;11;17;2027
BRASIL;Deutsche Cargo Do Brasil Ltda ;10403318000177;Rua Dona Francisca, 8300, Bloco C, sala 1, módulo 8 - Distrito Industrial Norte;Joinville;SC;89219600;pedro.paulo@icaroexpress.com;0972-0119;1;21;2029
BRASIL;Xpm Soluções Em Logística Ltda;8898687000136;Rua Dona Francisca, nº 8300, Bloco K5 - Distrito Industrial;Joinville;SC;89219600;andre.xavier@xpmlogistica.com.br;0741-0216;2;11;2026
BRASIL;AZURELOG TRANSPORTES LTDA;85348407000167;RODOVIA BR - 101 - S/N -KM 43 GALPÃO 01;Joinville;SC;89213125;gelson.araujo222@gmail.com;1501-0625;6;13;2035
BRASIL;Bolsa Taxi Aéreo Logística E Administração Ltda;80739014000160;Rodovia BR 282, s/n - anexo Aeroporto Lages - B - Guarujá;Lages;SC;88516890;thiago@voebta.com.br;0846-0717;7;5;2027
BRASIL;Transportadora De Bens Santa Catarina Ltda;7357980000123;Rua Caetano Vieira da Costa, nº 654 - 2º andar B - Centro;Lages;SC;88502070;transbesc@transbesc.com.br;0848-0717;7;18;2027
BRASIL;Safflog Transportes E Logística Integrada Ltda;15245792000131;Rodovia Ingo Hering, n° 1601, Galpão 05, Sala 01 - Bairro São Domingos;Navegantes;SC;88370888;MAURILHO.FAGUNDES@SAFFTRANSPORTES.COM.BR;1384-1123;11;1;2033
BRASIL;Contlog Cargo Ltda;49551050000156;Rodovia BR 470,  Ingo Hering, Nº 1601, Galpão 02, Sala 14 - São Domingos;Navegantes;SC;88370888;qualidade@contlog.com.br?;1439-0824;8;21;2034
BRASIL;Contlog Transportes Ltda;37361428000170;RODOVIA FEDERAL BR 470 - INGO HERING - Nº 1601 - GALPÃO 01 - ÁREA 02 - SÃO DOMINGOS;Navegantes;SC;88370888;gustavoskiadv@outlook.com;1308-1022;10;20;2032
BRASIL;Kether Logística E Soluções Industriais Ltda;44474613000136;RUA ESTEVÃO PIVATTO Nº 453 - CENTRO;Navegantes;SC;88370234;financeiro@ketherlog.com.br;1329-0223;2;15;2033
BRASIL;Busco Log Fln Transportes Ltda;29461751000197;RUA LUIZ TADEU GANDOLFI DUTRA, Nº 112, CIEP 2 - JARDIM ELDORADO;Palhoça;SC;88133568;gustavoskiadv@outlook.com;1214-1221;12;29;2031
BRASIL;Seka Comércio, Importação, Exportação E Transportes Ltda.;73682676000186;Rua Capitão Osmar Romão da Silva, 663 - Centro;Rio Negrinho;SC;89295000;seka@seka.com.br;0148-1105;11;29;2015
BRASIL;Liebl Transportes Ltda;18588671000180;ESTRADA CONRADO LIEBL- 1713 - SALA 07 - SERRA ALTA;São Bento do Sul;SC;89291170;ADISON@SUNORTE.COM.BR;1076-0520;5;15;2030
BRASIL;Mar Azul Logística, Armazenamento, Terminal E Transporte S.A.;7628866000190;RUA QUINTINO BOCAIUVA, Nº 67, SALA 06 - CENTRO;São Francisco do Sul;SC;89240000;rodrigo.cuesta@norsul.com;1222-0122;1;26;2032
BRASIL;Metalcargo Operador Logístico Ltda;19037622000112;RUA ETELVINO QUINTINO DOS SANTOS Nº 55 - ACARAI;São Francisco do Sul;SC;89240000;J.FERNANDES@METALCARGO.COM.BR;1108-0920;9;4;2030
BRASIL;Nova Transporte Multimodal Ltda;6139591000169;Rodovia Olívio nóbrega s/n, Bairro Paulas;São Francisco do Sul;SC;89240000;inajara@novatransporte.com.br;0141-1005;10;25;2015
BRASIL;Otm Soluções Logísticas Ltda.;1554212000183;Rua Almirante Guillhen, n° 2, sala107 - Centro Histórico;São Francisco do Sul;SC;89240000;FINANCEIRO@OTMLOGISTICA.COM.BR;0311-1108;11;19;2018
BRASIL;Mandira Transportes E Logística Ltda;47918176000190; RUA LOTEAMENTO COSTA ESMERALDA 61, GALPÃO, BAIRRO SANTA LUZIA;Tijucas;SC;88200000;gustavoskiadv@outlook.com;1364-0823;8;10;2033
BRASIL;M&K Transportes Rodoviários Ltda;24990245000171;RUA SILVIO BURIGO, Nº 3410, SALA 10 - MONTE CASTELO;Tubarão;SC;88702504;murilo@trcoelho.com.br;1228-0222;2;24;2032
BRASIL;Transportes Rasador Ltda.;88081039000121;Rua Laudelino M. Alexandre, 90 - Bairro Juventude;Bento Gonçalves;RS;95700000;clacir@rasador.com.br;0117-0805;8;23;2015
BRASIL;Dalla Valle Transportes Ltda;389587000172;Rua Dante  Larentis, 312, sala 208 - Bairro Cidade Alta;Bento Gonçalves;RS;95700000;mauro@dallavalle.com.br;0183-0406;4;19;2016
BRASIL;Interlink Transportes Internacionais Ltda.;94492899000150;Av. Frederico Augusto Ritter, nº 4901 - sala 102 a 106 - Distrito Industrial;Cachoeirinha;RS;94930000;francisco@interlinkcargo.com.br;0002-0205;3;26;2025
BRASIL;Bringer Do Brasil Agenciamento De Cargas Nacionais E Internacionais Ltda;94001641000104;Avenida Cruzeiro, nº 300 - Distrito industrial;Cachoeirinha;RS;94930615;fabiana@bringercargo.com.br;0821-0117;1;23;2027
BRASIL;Agência De Cargas Asas Eireli;28803365000173;Av. Frederico Augusto Ritter, 4901, sala 102 - Distrito Industrial;Cachoeirinha;RS;94931001;mandelli@azazlog.com.br;1011-0819;8;21;2029
BRASIL;Agência Sul Americana De Serviços E Representações Ltda;7570588000168;AVENIDA FREDERICO AUGUST RITTER Nº 4901 - SALA 21- DISTRITO INDUSTRIAL;Cachoeirinha;RS;94930000;asas@asaslog.com.br;0536-0113;1;3;2023
BRASIL;Rodasul Logística E Transportes S/A;92379726000103;Estrada Rs 118, Km 11 nº 12.760 - Jardim Betânia;Cachoeirinha;RS;94901970;ane.lopes@agv.com.br;0197-0806;8;21;2016
BRASIL;Rodasul Logística E Transportes S/A;92379726000103;Estrada Rs 118, Km 11 nº 12.760 - Jardim Betânia;Cachoeirinha;RS;94901970; estevio.salvadori@agv.com.br;0197-0806;8;21;2016
BRASIL;Globall Logistica E Comercio Exterior Ltda;13925723000143;Rodovia RS 239, n° 5966, KM 19, SALA 04, ARMZ 7A1 7A2, 7B, 7C, 7D, 7E, ARMZ 8A, 8B, 9, 12, 15, Bairro Industrial II;Campo Bom;RS;93700000;ricardo.ely@xgloball.com.br;0562-0613;1;29;2034
BRASIL;Xperto Transporte Ltda;41792167000110;RODOVIA RS 239, KM 19, Nº 5966, SALA A - ZONA INDUSTRIAL II;Campo Bom;RS;93700000;gustavoskiadv@outlook.com;1207-1221;12;8;2031
BRASIL;Jdl Express Transportes Rodoaéreo Eireli - Me;14307558000129;Rua Dom João Becker, nº 164;Canoas;RS;92200030;vinicius.costa@jdlexpress.com.br;0772-0716;7;4;2026
BRASIL;Dias & Castro Express Ltda;29677288000115;RUA CALIFÓRNIA, Nº 406 - MATO GRANDE;Canoas;RS;92323000;meiry@diasecastroexpress.com.br;1275-0722;7;26;2032
BRASIL;Blc Log Logística E Transporte Multimodais Ltda;19875292000134;RUA ROBERTO FRANCISCO BEHRENS, 225 / BLOCO T APT. 201 - MATO GRANDE;Canoas;RS;92320060;blc@blclog.com.br;0880-0118;1;23;2028
BRASIL;Br Logística Rodo E Aéreo Ltda;7407573000183;RUA ALEGRETE  Nº 33 -  NITERÓI;Canoas;RS;92120170;rt@brlogmultimodal.com.br;0460-1011;11;16;2031
BRASIL;Modular Transportes Ltda;88009030000100;Av. Santos Ferreira, nº 3500 - Estância Velha;Canoas;RS;92030138;qualidade@modular.com.br;0477-0212;2;14;2022
BRASIL;Svt Provedor Logístico Ltda - Epp;17112478000106;AV. GETÚLIO VARGAS Nº 2575 - NITERÓI;Canoas;RS;92120124;RODRIGO@AZULCARGORS.COM.BR;0864-1017;10;5;2027
BRASIL;Time Log Soluções Em Logística Ltda;32734416000120;Rua Venâncio Aires nº 1239 - Centro;Caxias do Sul;RS;95020430;timelogsolucoes@gmail.com;1278-0822;8;8;2032
BRASIL;Transportes Pellenz Ltda;90300583000169;RUA MANSUETO BOSSARDI, 380 – BAIRRO DE LAZZER;Caxias do Sul;RS;95055123;pellenz@pellenz.com.br;0213-1106;11;16;2016
BRASIL;Transportes Translovato Ltda;89823918000144;Rua Honorato Bazei, nº 225, Distrito Industrial;Caxias do Sul;RS;95112140;regulatorio@bbmlogistica.com.br;1389-1123;11;16;2033
BRASIL;Mr Cargas E Encomendas Ltda;7348003000160;Rua Ludovico Cavinatto, nº 2546 - Santa Catarina;Caxias do Sul;RS;95032620;CAMILA@VESPERCARGAS.COM.BR;0826-0217;2;17;2027
BRASIL;Mundial Cargo Logística Em Transporte Eireli;31332777000187;Rua Luiz Michielon, 1191, sala térrea - Cruzeiro;Caxias do Sul;RS;95074000;leandro@mundialcargo.com.br;0978-0419;4;18;2029
BRASIL;Lena Express Transportes Ltda;10865872000176;RUA TULIO DAS SOIS 27 - SALA 9 - LJ.  09 - Bela Vista;Caxias do Sul;RS;95072410;financeiro@lenaexpress.com.br;1453-1124;11;12;2034
BRASIL;Caxias Cargas Aéreas Ltda ;2463394000140;Rua Abramo João Mazzochi, nº 481 ;Caxias do Sul;RS;95042010;picolli@ccaexpress.com.br;0678-0615;10;31;2035
BRASIL;Cargocenter Agência De Cargas Ltda;702501000110;Rua Ettore Lazarotto, nº 320 - Santa Catarina;Caxias do Sul;RS;95030320;gerenciageral@cargocenter.com.br;0874-1217;12;6;2027
BRASIL;CONEXLOG TRANSPORTE DE CARGAS EXPRESSAS LTDA;26091064000139;R DOMINGOS OLIVA DOS SANTOS Nº 90;Caxias do Sul;RS;95012320;ronipassos@conexlogcargas.com.br;0803-1116;7;13;2036
BRASIL;Balcão Balcão Tecnologia Em Soluções Logísticas Ltda;34168068000104;Rua Ernesto Alves, nº 1341, Bloco 1, Sala 07 - Nossa Senhora de Lourdes;Caxias do Sul;RS;95020360;contato@balcaobalcao.com.br;1339-0323;3;15;2033
BRASIL;Foco Agência De Cargas Ltda;7784967000150;Rua Constantino Manfro, 113, Sagrada Familia;Caxias do Sul;RS;95052130;evandro@fococargo.com.br;0799-1016;10;19;2026
BRASIL;Foco Agência De Cargas Ltda;7784967000150;Rua Constantino Manfro, 113, Sagrada Familia;Caxias do Sul;RS;95052130; andresa@primecont.srv.br;0799-1016;10;19;2026
BRASIL;Flex Cargo Ltda;22086483000121;RUA ILARIO SANTO PASQUALI, Nº 71 - NOSSA SENHORA DE FÁTIMA;Caxias do Sul;RS;95041220;cadastro@cenci.srv.br;1227-0222;2;18;2032
BRASIL;Granzotto Transporte E Logística Eireli Me;25144020000167;Rua Parteira Toscana, 881 - Bairro São José;Caxias do Sul;RS;95042750;gustavo@granzottotransportes.com.br;1079-0520;5;15;2030
BRASIL;Xkm Serviços Em Logistica E Transportes Ltda;29801009000183;RUA CLAUDINO MARCELINO FADANELLI, Nº 159 - CIDADE NOVA;Caxias do Sul;RS;95112070;contato@xkmlogistica.com.br;1263-0622;6;15;2032
BRASIL;Dm Transporte E Logística Internacional S/A;89154041000146;BR 290 km 108 Caixa Postal 01;Eldorado do Sul;RS;92990000;dm@dminternacional.com;0090-0705;7;12;2015
BRASIL;Fervi Transportes Ltda;8490703000157;RUA DOS FERROVIÁRIOS, Nº 215, SALA 1506 - CENTRO;Esteio;RS;93265150;diretoria@vfexpress.com.br;1462-1224;12;30;2034
BRASIL;Fervi Transportes Ltda;8490703000157;RUA DOS FERROVIÁRIOS, Nº 215, SALA 1506 - CENTRO;Esteio;RS;93265150;tavarespro@hotmail.com;1462-1224;12;30;2034
BRASIL;Lf Transportes Ltda;3471254000186;RST 453 - Km 109 - Rio Buratto;Farroupilha;RS;95180000;gerencia@lftransportes.com.br;0766-0616;6;22;2026
BRASIL;Transportes Macuim Ltda;13091403000135;RUA GERONIMO FRANCISCHINI Nº 713 - NOVA MILANO;Farroupilha;RS;95182000;FINANCEIRO@MBLOGTRANSPORTES.COM.BR;1294-0922;9;20;2032
BRASIL;Transportadora Plimor Ltda.;88085485000104;Rod. RS122, S/N, Km 61 - Bairro Industrial;Farroupilha;RS;95180000;;0192-0606;6;26;2016
BRASIL;Vinhedos Transportes Ltda;93561108000134;RUA CLEMENTE PEDRO DALCIN, 375 - BAIRRO - TAMANDARE;Garibaldi;RS;95720000;pauloguerra@vinhedostransportesa.com.br;1104-0820;8;13;2030
BRASIL;ATRHOL AGÊNCIA E TRANSPORTES HORIZONTINA LTDA;6208105000117; Rua das Indústrias, nº 245;Horizontina;RS;98920000;jorge@atrhol.com.br;1475-0225;2;25;2035
BRASIL;Cassio Rafael Cansi & Cia Ltda;7902228000116;RUA DOS IMIGRANDES Nº 688 - CENTRO;Horizontina;RS;98920000;cassio@flechaazul.com.br;1063-0320;3;18;2030
BRASIL;Canaro Transportes Ltda;22938787000170;RODOVIA BR 386, KM 342 - Nº 5827 -  SALA 02 - OLARIAS;Lajeado;RS;95910160;lajeado@canarotransportes.com.br;1373-0923;9;11;2033
BRASIL;Mtl Transporte Rodoviário De Cargas Ltda;11274148000130;Rua Rudolfo Behne, 166, prédio 2 - Centro;Lindolfo Collor;RS;93940000;alvaro@gminuano.com.br;1096-0720;7;30;2030
BRASIL;Deposul Transporte E Logística Ltda;23815200000106;ESTRADA MONTENEGRO POLO RS 124, SN, GALPÃO DEPOSUL KM 16 SALA 06;Montenegro;RS;95529899;gg@ngcontabil.com.br;1386-1123;11;6;2033
BRASIL;Top Global Assessoria Aduaneira Ltda;9031864000145;RUA BARÃO DE COTEGIPE Nº 44 - PRIMAVERA;Novo Hamburgo;RS;93344260;diego@topglobalprovider.com.br;0796-1016;10;18;2026
BRASIL;SK TRANSPORTE E LOGÍSTICA LTDA;39283025000185;Rua Vinte e Cinco de Julho, nº 1151, Loja 2;Novo Hamburgo;RS;93310251;luisfernando@azulcargors.com.br;1495-0525;5;12;2035
BRASIL;MCN TRANSPORTE E LOGISTICA INTERNACIONAL LTDA;7620879000466;AV DAS INDUSTRIAS N.º 469 - SALA 202 E 203;Porto Alegre;RS;90200290;qualidade@macenor.com;1512-0825;8;12;2035
BRASIL;The Runtime Logística Ltda - Epp;5364263000101;RUA CHAVES BARCELOS, 27 - SALA 606;Porto Alegre;RS;90030120;otm@theruntime.com.br;0791-0816;8;18;2026
BRASIL;Transportes Luft Ltda;87689402000123;AVENIDA SEVERO DULLIUS Nº 1.395 - 4º ANDAR - SALA 404 - ANCHIETA;Porto Alegre;RS;90200310;paralegal.corporativo@luft.com.br;0574-0813;8;6;2023
BRASIL;Transportes Gabardo Ltda;92644483000185;RUA VITOR VALPÍRIO, Nº 715 - ANCHIETA;Porto Alegre;RS;90200230;frota@transgabardo.com.br;0443-0811;11;30;2031
BRASIL;Transportadora Pigatto Ltda;93653830000107;AV. DAS INDUSTRIAS Nº 275;Porto Alegre;RS;90200290;VALDECIR@PIEX.COM.BR;0547-0313;3;7;2023
BRASIL;Transeich Assessoria E Transportes Ltda;88246251000100;Av. das Indústrias, 389 - Bairro Anchieta;Porto Alegre;RS;90200290;tomas.salomoni@kuehne-nagel.com;0045-0517;5;10;2027
BRASIL;Troca Transportes Eireli;193687000129;AV. WILLY EUGENIO FLECK, 305 - RUBEM BERTA;Porto Alegre;RS;91150180;ivete.ritter@grupotroca.com.br;1072-0420;4;17;2030
BRASIL;Latitude Logistica Ltda;15711933000164;RUA DOM PEDRO II, Nº 1240, SALA 513 - SÃO JOÃO;Porto Alegre;RS;90550141;enio@latitudelog.com.br;0502-0812;10;29;2031
BRASIL;Navegação Aliança Ltda;92691609000172;Avenida Padre Cacique, 320 - Praia de Belas;Porto Alegre;RS;90810240;atico.scherer@trevisa.com.br;0114-0805;8;19;2015
BRASIL;Dsl Do Brasil Transporte & Logistica Ltda - Epp;97434690000129;RUA NICOLAU ELY, 352 - PAVILHÃO - BAIRRO VILA FLORESTA;Porto Alegre;RS;91040631;adriano@twt.com.br;0537-0113;1;10;2023
BRASIL;Extrhema Transportes Ltda;7645103000158;Av. São Paulo nº 636 - Salas 204/205 - São Geraldo;Porto Alegre;RS;90230160;HERMES@EXTRHEMA.COM.BR;0632-0714;7;23;2024
BRASIL;Geo Maritima Intermodal Ltda.;10933098000193;RUA COMENDADOR RHEINGANTZ, Nº 53, SALA 201 - AUXILIADORA;Porto Alegre;RS;90450020;contabilidade@geomaritima.com.br;0444-0811;8;11;2031
BRASIL;KIELING MULTIMODAIS DE TRANSPORTES LTDA;2600037000186;Avenida Francisco Silveira Bitencourt, nº 1369 ;Porto Alegre;RS;91150010;tgoncalves@kieling.com.br;0071-0505;7;2;2035
BRASIL;KODEX LOGISTICA LTDA;20735946000103;TV SAO JOSE;Porto Alegre;RS;90240200;fiscal@atcf.com.br;0660-1214;7;8;2036
BRASIL;KODEX LOGISTICA LTDA;20735946000103;TV SAO JOSE;Porto Alegre;RS;90240200;FINANCEIRO@KODEXEXPRESS.COM;0660-1214;7;8;2036
BRASIL;CARGO WAY TRANSPORTE E ARMAZENAGEM LTDA;19950594000120;Rua Mostardeiro, nº 322, sala 802;Porto Alegre;RS;90430000;diego@cargowaylog.com;1470-0225;2;12;2035
BRASIL;CORELOG LOGÍSTICA LTDA.;33767574000149; Rua Maurício Sirotski Sobrinho, 274;Porto Alegre;RS;90480160;tatiana.pradier@corelog.com.br;1059-0320;3;16;2030
BRASIL;CORELOG LOGÍSTICA LTDA.;33767574000149; Rua Maurício Sirotski Sobrinho, 274;Porto Alegre;RS;90480160;RH@CORELOG.COM.BR;1059-0320;3;16;2030
BRASIL;Costa Serviços Marítimos Ltda;1708418000110;AVENIDA SÃO PEDRO 1001 - SALA 202 - SÃO GERALDO;Porto Alegre;RS;90230121;EDISON@COSTALOGISTICA.COM.BR;1051-0120;1;28;2030
BRASIL;Ctil Logística Ltda;90950338000105;Alameda Eduardo Guimarães, nº 38 - Bairro Três Figueiras;Porto Alegre;RS;91340350;luciana.aranha@ctil.com.br;0661-0215;2;3;2025
BRASIL;Aerolog Logística Cargas Aéreas Ltda;2515128000113;Avenida Cairú, 91, 1º andar - Navegantes;Porto Alegre;RS;90230031;benicio.haas@aerolog.com.br;1067-0320;3;23;2030
BRASIL;Cransport Logística Portuária Ltda;5591362000118;Rua Professor Guillermo Enrique Dawson, nº 150 - Bairro 4 -Seção da Barra;Rio Grande;RS;96204060;luciana.aranda@ctil.com.br;0709-0915;9;14;2025
BRASIL;Grifo Marine Agenciamento Marítimo Ltda;32991174000150;RUA BARÃO DE COTEGIPE, Nº 443, SALA 1310 - CENTRO;Rio Grande;RS;96200290;mauri@grifomarine.com.br;1212-1221;12;16;2031
BRASIL;Terminal Marítimo Luiz Fogliatto S/A;74109828000119;Avenida Almirante Maximiano Fonseca nº. 6361 – Distrito Industrial;Rio Grande;RS;96204040;dawson@termasa.com.br;0233-0207;2;23;2017
BRASIL;Torontolog Transportes E Logistica Ltda;10787871000150;Rua Professor Guillermo Enrique Dawson (DIRG), Nº 550, Apto 115 - Zona Portuária;Rio Grande;RS;96204400;administrativo@torontolog.com.br;1409-0224;2;22;2034
BRASIL;Sagres Agenciamentos Marítimos Ltda.;74617358000102;Avenida Major Carlos Pinto, nº 532, sala 101, 1º andar - Cidade Nova;Rio Grande;RS;96211020;csenhora@sagresrg.com.br;1312-1222;12;1;2032
BRASIL;Sampayo Nickhorn S/A;88981139000104;Rua Riachuelo, 197 - 1º Andar;Rio Grande;RS;96200390;sampayo@sampayo.com.br;0019-0305;3;23;2015
BRASIL;SAGRES LOGISTICA LTDA;53101894000172;AVENIDA MAJOR CARLOS PINTO, Nº 532;Rio Grande;RS;96211020;csenhora@sagresrg.com.br;1536-0326;3;16;2036
BRASIL;Vbr Logística Ltda;1176077000180;Rua Vereador Benno João Kist, nº 620 - Santo Inácio;Santa Cruz do Sul;RS;96820688;mloebens@vbrlogistica.com.br;0761-0616;6;6;2026
BRASIL;Kol Transportes Ltda;3568819000148;Rua Fernando Abott, nº 895, sala 106;Santa Cruz do Sul;RS;96810148;rosi@kollogistica.com.br;0762-0616;6;6;2026
BRASIL;Ad Shipping Agenciamento De Cargas Ltda;24875425000102;RUA ERNESTO CARLOS ISERHARD, Nº 526 - HIGIENOPOLIS;Santa Cruz do Sul;RS;96825040;dayane@adshipping.com.br;1319-0123;1;19;2033
BRASIL;Expresso Lf Ltda - Epp;18137874000150;ROD. BR 116, 544 KM 114 - BAIRRO INDUSTRIAL;São Marcos;RS;95190000;coletas@expressolf.com.br;0851-0717;7;18;2027
BRASIL;Cooperativa Mista De Transportes De Cargas Nacional E Internacionais Da Fronteira Oeste Ltda;16716247000149;AV. MARECHAL SETEMBRINO DE CARVALHO Nº 2300 - IPIRANGA;Uruguaiana;RS;97507380;diretoria@cootrafrol.com.br;1120-1020;10;21;2030
BRASIL;Cooperativa Mista De Transportes De Cargas Nacional E Internacionais Da Fronteira Oeste Ltda;16716247000149;AV. MARECHAL SETEMBRINO DE CARVALHO Nº 2300 - IPIRANGA;Uruguaiana;RS;97507380; presidente@cootrafrol.com.br;1120-1020;10;21;2030
BRASIL;Dica Movimentações Ltda;7715580000142;Rua Julio de Castilhos nº 1564 - Sala A - Centro;Venâncio Aires;RS;95800000;gabriel@dicamovimentacoes.com.br;0602-0114;1;24;2024
BRASIL;LONTANO TRANSPORTES LTDA;11455829000103;Avenida Zilá Corrêa Machado, ;Campo Grande;MS;79065900;contabilidade@lontano.com.br;1513-0825;8;12;2035
BRASIL;LONTANO TRANSPORTES LTDA;11455829000103;Avenida Zilá Corrêa Machado, ;Campo Grande;MS;79065900;sejur@lontano.com.br;1513-0825;8;12;2035
BRASIL;Contínua Logística Internacional Eireli;10958894000180;TRAVESSA H, Nº 87 - BAIRRO: BAÚ;Cuiabá;MT;78008195;rodrigo@continuaonline.com.br;1089-0720;7;14;2030
BRASIL;Centro Oeste - Cargas E Encomendas Ltda;1824740000105;Rua D, nº 301, Distrito Industrial;Cuiabá;MT;78098300;marcoscuiaba@aguiasul.com.br;1378-0923;9;22;2033
BRASIL;Transmino Transportes Ltda;4762849000153;AVENIDA V Nº 525 - DISTRITO INDUSTRIAL;Cuiabá;MT;78098480;FRANCISCO@PORTOSECO.COM;0993-0619;6;17;2029
BRASIL;Fs Florestal S.A.;47242860000103;Estrada Linha 01A, a 900 metros do KM 07 da Avenida das Indústrias, S/N, Sala 01, Distrito Industrial;Lucas do Rio Verde;MT;78460752;gustavo@navarroprado.com.br ;1442-0824;8;28;2034
BRASIL;Fribon Transportes Ltda;10280806000134; Rua Rio Preto, 781 - Parque Industrial Vetorasso;Rondonópolis;MT;78746010;fiscal@fribontransportes.com.br;1362-0823;8;2;2033
BRASIL;Bom Jesus Transportes E Logística Ltda;3861231000188;Avenida Itrio Correa da Costa, nº 611 - Vila Salmem;Rondonópolis;MT;78705540;carley.fernando@bomjesustransportes.com.br;0581-0913;9;12;2023
BRASIL;Transportes Botuverá Ltda;78261252000161;Rodovia BR 163, Km 119, sala 04 - Distrito Industrial Vetorasso - Gleba Jurigue;Rondonópolis;MT;78746055;compras@botuvera.com;0852-0817;8;3;2027
BRASIL;Rumo Malha Norte S.A.;24962466000136;RUA B - S/N - RODOVIA BR 163 - KM 95 - LOTE 1A - SALA 01 - PARQUE INDUSTRIAL INTERMODAL DE RONDONÓPOLIS;Rondonópolis;MT;78746860;camille.viana@rumolog.com;1161-0521;5;26;2031
BRASIL;Mafro Transportes Ltda;8858785000140;AVENIDA RENATO VETORASSO, 388, LOTE 9/22 QUADRA 12,  PARQUE INDUSTRIAL FABRÍCIO VETORASSO MENDES;Rondonópolis;MT;78746740;;1358-0623;6;29;2033
BRASIL;GRANLIDER TRANSPORTES E AGENCIAMENTO DE CARGAS LTDA;5096998000193;Avenida Claudio Manoel da Costa, S/N, Quadra Área, ;Rondonópolis;MT;78750540;juridico@rodolider.com;1548-0726;7;17;2036
BRASIL;Cofco Agri Transportes Ltda;22208815000101;Rod. BR 163, km 759, Estrada Municipal Linha Premia, s/n, sala A - Armazén 01 - Distrito Industrial;Sorriso;MT;78890000;nal-tax-br@cofcointernacional.com;0903-0418;4;11;2028
BRASIL;Lotus Transportes Logística Ltda;18834795000107;RODOVIA BR 153, QUADRA A, LOTE 06, SALA 02 - SETOR SANTA CATARINA;Anápolis;GO;75106203;comercial@lotustransportes.com;1186-0721;7;27;2031
BRASIL;Rg Log Logística E Transporte Ltda;10213051000155;RUA VP, LOTE 01, QUADRA 15, MÓDULOS 01 E 02, DAIA;Anápolis;GO;75132030;PAULA@RGLOG1.COMBR;0514-0912;9;5;2022
BRASIL;TRANSPLEX TRANSPORTES DE CARGAS E LOGÍSTICA LTDA;15022154000151;AVENIDA OESTE S/N QD. 01 LOTE 02 E 03;Aparecida de Goiânia;GO;74993394;contato@grupohegidio.com.br;1500-0525;5;29;2035
BRASIL;TRANSPLEX TRANSPORTES DE CARGAS E LOGÍSTICA LTDA;15022154000151;AVENIDA OESTE S/N QD. 01 LOTE 02 E 03;Aparecida de Goiânia;GO;74993394;heribaldo@hegidiogroup.com;1500-0525;5;29;2035
BRASIL;RAÇA GOIANA TRANSPORTE E LOGISTICA LTDA ;63121696000124;AV. BAFFIN QD 10 LT 10 RESIDENCIAL BRASIL CENTRAL ;Goiânia;GO;74370637;financeiro@racagoiana.com.br;1549-0726;7;27;2036
BRASIL;Ywy-X Logística Ltda Me;10290784000193;Rua 91, nº 699, Quadra 20, bloco 09, sala208 - Ed. Business e Office Center Sul - Setor Sul;Goiânia;GO;74083150;y.logistica@outlook.com;0680-0615;6;10;2025
BRASIL;Riccieri Transportes Ltda;2218581000168;Av. Perimetral Norte, QD Aerea LT Aerea 1 sala 1 - Fazenda Caveiras;Goiânia;GO;74445360;gerencia@rodonatti.com.br;0724-1115;11;4;2025
BRASIL;Quick Delivery Goiânia Entregas Rápidas De Encomendas Ltda-Me;11432709000182; Avenida Lauricio Pedro Rasmussem, nº 1600, Quadra Área Lote E/D, sala 03 - Setor Morais;Goiânia;GO;74620030;edson@quickdelivery.com.br;0689-0715;7;9;2025
BRASIL;Multi Prime Transportes E Serviços Ltda;9454434000136;Av. Ville, nº 1361, Qd. 23, Lt. 31 - Residencial Center Ville;Goiânia;GO;74369023;contato@multiprimebrasil.com.br;0889-0218;2;19;2028
BRASIL;Space Logistica Integrada Eireli;26594755000155;R 7, S/N, QUADRA 10, LOTE 42, SALA 01 - RESIDENCIAL PAULO ESTRELA;Goiânia;GO;74786468;FINANCEIRO@SPACEINTEGRADA.COM.BR;1003-0719;7;11;2029
BRASIL;Conecte Logistica & Transportes Ltda;10428965000133;Avenida dos Índios, nº 16, Esq. c/ R.S. Dour., Quadra 122, Lote 72 - Setor Santa Genoveva;Goiânia;GO;74672450;diretoria@conectelog.com;1344-0423;4;4;2033
BRASIL;Brasil Central Global Ltda;27822236000160;Av. Deputado Jamel Cecílio, nº 2496, Qd. B22, Lote 4-5 e 7, Sala B136 - Jardim Goiás;Goiânia;GO;74810100;rodrigo.alvim@brasilcentralglobal.com;0904-0518;5;8;2028
BRASIL;Bbt Transportes Ltda;4283508000103;AV. JÚLIO CESAR Nº 250 - QD. 45 - LOTE 17 -1º ANDAR - SALA 06 - JARDIM PLANALTO;Goiânia;GO;74333100;ADM.MTZ@BBTTRANSPORTES.COM.BR;1289-0922;9;12;2032
BRASIL;A.A Centro-Oeste Transportes Armazenagem E Locação De Veículos Ltda-Me;9471261000164;Rua das Magnolias nº 1209 Qd. 97 Lt. 21 Pq. Oeste Industrial;Goiânia;GO;74375280;alvoradatransportes.gyn@hotmail.com;0517-0912;9;19;2022
BRASIL;Alvorada Construtora Eireli - Me;21429811000182;Rua das Magnólias, quadra 97, lote 20, nº 1221 - Parque Oeste Industrial;Goiânia;GO;74375280;construtora@alvoradagyn.com;0814-1216;12;16;2026
BRASIL;Jwl Express Transportes & Logística Ltda;32095114000159;RUA CAPISTABOS Nº 589 - SANTA GENOVEVA;Goiânia;GO;74670020;logistica@jwlexpress.com.br;1183-0721;7;26;2031
BRASIL;Jtn Express Transportes E Logística Ltda;45748396000198;RUA GUARIROBA Nº 341  QUADRA 17 - LOTE 6 - CASA 2 - SANTA GENOVEVA;Goiânia;GO;74670110;NOEME.MACARIO@OUTLOOK.COM;1285-0822;8;30;2032
BRASIL;Global Cargas Transportes Nacionais E Internacionais Ltda - Me;5878120000100;Av. Perimetral Norte nº 11162- Quadra 02 - Lote 03 - Loteamento Goiânia 2;Goiânia;GO;74665510;ricardo@globalcargas.com.br;0625-0614;6;24;2024
BRASIL;Caramuru Alimentos S.A.;80671000100;Via Expressa Júlio Borges de Souza, 4240 ( margens da BR 153) - Nossa Senhora da Saúde;Itumbiara;GO;75503970;carlossilva@caramuru.com;0275-0308;5;8;2028
BRASIL;S.E. Transportes E Representações Ltda;8289975000193;VIA EXPRESSA MUCIO DE SOUZA REZENDE, Nº 3625, SALA 03;Itumbiara;GO;75503970;alan@setransportes.com.br;1181-0721;7;23;2031
BRASIL;Starland Brasil Logistics Ltda;16384395000103;Rua Alice Moura Borges s/nº Quadra 14 Lotes 19, 20, 21;Nerópolis;GO;75460000;comercial@starlandbrasillogistics.com.br;0532-1212;12;6;2022
BRASIL;São Simão Transportes Ltda.;12545741000137;Rod. BR 364 nº 3851 Km 53 anexo Posto Recanto - Zona Rural;São Simão;GO;75890000;saosimaotransportes@hotmail.com;0503-0812;8;28;2022
BRASIL;Bizari Transportes Rodoviarios Ltda;79053559000130;AVENIDA RIO DE JANEIRO C/BR 364, LOTE 06, SETOR INDUSTRIAL;São Simão;GO;75890000;bizaritransp@hotmail.com;0636-0814;8;5;2024
BRASIL;Airway Transportes Ltda;2609844000160;QS 09 Rua 121 - Lote 04 - Águas Claras;Brasília;DF;71976300;leoberto@airwaycargo.com.br;0782-0716;4;6;2033
BRASIL;Alpha Beta Transporte Ltda;38213388000181;SETOR AER INTERNACIONAL DE BRASÍLIA TERMINAL DE LOGÍSTICA - S/N - 1º ANDAR SALA 05 ALA INTERNACIONAL - SETOR DE HABITAÇÕES INDIVIDUAIS SUL;Brasília;DF;71608900;contabilidadelf9@gmail.com;1230-0322;3;7;2032
BRASIL;Alpha Express Log E Transporte Eireli;32677002000106;TERMINAL DE CARGAS DE BRASÍLIA - SALA 08 -  ALA DOMÉSTICAS PRIMEIRO ANDAR -  SETOR DE HABITAÇÃO II;Brasília;DF;71608900;FINANCEIRO@ALPHAEXPRESSLOG.COM.BR;1094-0720;7;28;2030
BRASIL;Abm Transportes Ltda - Me;10692684000193;Setor Habitacional Vicente Pires Chácara 309 lote 30 - Taguatinga;Brasília;DF;72110880;internacional@fastmudanças.com.br;0531-1212;12;6;2022
BRASIL;Abrilar Transportes E Mudanças Ltda - Me;10389861000167;QN 414 Conjunto G Lote 01 Loja 01 - Samambaia;Brasília;DF;72320567;abrilarmudancas@gmail.com;0518-0912;9;19;2022
BRASIL;Aac Transportes Rodoviário Cargas Ltda;8355816000140;SCIA Quadra 08, Conjunto 11, Lote 22,  Zona Industrial (GUARÁ);Brasília;DF;71250725;international@aacmoving.com;0555-0413;5;30;2033
BRASIL;5 Estrelas Infinity Serviços E Soluções Ltda;32915001000152;STRC  TRECHO 3, CONJUNTO A, LOTE  02, PARTE 02 - ZONA INDUSTRIAL (GUARÁ);Brasília;DF;71225531;inter@5estrelas.co;0613-0314;4;29;2034
BRASIL;5 Estrelas Solution Em Transportes E Logísticas Ltda;11292432000130;STRC - Trecho 03, Conjunto A - Lote 02 - Parte 01 - Guará;Brasília;DF;71225531;INTER@5ESTRELAS.COM;0520-0912;11;29;2033
BRASIL;Carggo Tecnologia Em Logística;33373231000108;AEROPORTO INTERNACIONAL DE BRASILIA - TECA - 1 ANDAR, ALA CENTRAL, SALA 7, LAGO SUL;Brasília;DF;71608900;cornercial@carggo.com.br;1081-0520;5;18;2030
BRASIL;Car Collection Transportadora De Veículos Ltda - Me;14146786000164;ADE conj. 27, s/nº, lotes 35 e 36, escritório 02 - Águas Claras;Brasília;DF;71991140;jr.uniao@gmail.com;0577-0813;8;26;2023
BRASIL;Byebox Logística Ltda;42505083000110;"SHCS CR 516, BLOCO B, N° 69, 1º PAVIMENTO - PARTE C0148""""";Brasília;DF;70381525;BYEBOXADM@GMAIL.COM;1288-0922;9;2;2032
BRASIL;Cargoflex Soluções Logísticas Ltda Epp;8489292000180;STRC Trecho 4 Conjunto C Lote 6;Brasília;DF;71225513;cargoflexbsb@gmail.com;0706-0915;9;9;2025
BRASIL;Bll Barbosa Lobo Logística Ltda - Me;21260918000140;Rua 16 Lago Oeste - Sobradinho;Brasília;DF;73100480;comercial@blllogistica.com.br;0730-1215;12;1;2025
BRASIL;Bsb Operação Logística Ltda;19196536000152;SAAN Quadra 3, Lote 1140, Loja. 20, Parte A - Zona Industrial;Brasília;DF;70632320;thiago@bsbtrade.com.br;0906-0718;7;5;2028
BRASIL;Bsb-Df Transportes De Cargas Ltda;8944556000148;ADE CONJUNTO 27 LOTE 28/29 - ÁGUAS CLARAS;Brasília;DF;71991140;eliane@bsbexpress.com.br;1264-0622;6;15;2032
BRASIL;Cinco Estrelas Transportes E Logística Ltda;3557312000199;TR STRC. TRECHO 03,  CONJUNTO  A  - LOTE 02 - GUARÁ;Brasília;DF;71225530;ADM@5ESTRELAS.COM.BR;0391-0610;7;14;2030
BRASIL;Chegoulog Transporte E Logística Ltda;9494407000197;AC ADE CONJUNTO 24 -  LOTE 01 -  ÁGUAS CLARAS;Brasília;DF;71990360;ASSESSO@ASSESSOCONTABIL.COM.BR;1115-0920;9;21;2030
BRASIL;Cosmopolitan Transportes Ltda - Epp;1989087000134;STRC SUL TRECHO 04 CJ A LOTE 08 SALA 02 - GUARÁ;Brasília;DF;71001970;miriam@cosmopolita.com.br;0475-0212;5;19;2032
BRASIL;Cstrans Serviços De Transportes Ltda - Me;13265187000105;SMPW QUADRA 07, CONJUNTO 02, LOTE 05, UNIDADE G - PARK WAY;Brasília;DF;71740702;comercial@cstrans.com.br;0551-0313;3;14;2023
BRASIL;D Antunes Pinheiro Transportes Ltda;23312012000157;AER INTERNACIONAL DE BRASILIA JUSCELINO KUBITSCHEK UNI, S/N - AREA ESPECIAL ARMZ DE CARGA NACIONAL SALA 11;Brasília;DF;71608900;dantunes.daniel@gmail.com;1258-0522;5;24;2032
BRASIL; HS INVESTIMENTOS E PARTICIPAÇÕES EM LOGÍSTICA LTDA;23999118000170;CONDOMINIO RESIDENCIAL DOM PEDRO, QD 01, LT 09, Nº 09;Brasília;DF;72669101;comercial@voarlog.com.br;0749-0416;6;9;2036
BRASIL; HS INVESTIMENTOS E PARTICIPAÇÕES EM LOGÍSTICA LTDA;23999118000170;CONDOMINIO RESIDENCIAL DOM PEDRO, QD 01, LT 09, Nº 09;Brasília;DF;72669101;comercial@biocargo.com.br;0749-0416;6;9;2036
BRASIL;Jwc Transportes E Logística Ltda-Epp;14736152000161;STRC/SUL Trecho 04 - Conjunto A - lote 08 - Sala 03 - Guará;Brasília;DF;71225541;administrativo@cosmopolita.com.br;0621-0614;6;20;2024
BRASIL;Kennedy Onassis Comercio De Grãos Importação E Exportação Ltda;3627130000147;SCS Quadra 01, nº 30 - bloco G sala 102;Brasília;DF;70309900;contato@kennedyonassis.com.br;0092-0705;7;12;2015
BRASIL;Fch Locações E Serviços Ltda;37766331000147; QUADRA 19 CONJUNTO K LOTE 04 CASA 02;Brasília;DF;71572011;FCHSERVICOS.DF@GMAIL.COM;1429-0624;6;26;2034
BRASIL;Df Transportes E Logístisca Eireli - Me;11028793000173;Aeroporto Internacional de Brasília J.K. - Terminal Cargas Inframerica;Brasília;DF;71608900;d.fabiano@dftransportes.com.br;0888-0218;2;19;2028
BRASIL;Dala Transportes Ltda - Me;14953799000145;SCIA QUADRA 15 CONJUNTO 2 LOTE 15;Brasília;DF;71250025;atendimento@dalatransportes.com.br;1091-0720;7;17;2030
BRASIL;Encomendas E Transportes De Cargas Pontual Ltda;1253053000187;Aeroporto Internacional Jucelino kubstcheck - TECA - Hangar Pontual;Brasília;DF;71608900;diretor@pontualcargas.com.br;0396-0710;3;13;2033
BRASIL;Encomendas E Transportes De Cargas Pontual Ltda;1253053000187;Aeroporto Internacional Jucelino kubstcheck - TECA - Hangar Pontual;Brasília;DF;71608900;licitacao@pontualcargo.com.br;0396-0710;3;13;2033
BRASIL;Empresa Brasileira De Correios E Telégrafos;34028316000103;SETOR BANCÁRIO NORTE - QUADRA 1 - BLOCO A - ASA NORTE;Brasília;DF;70002900;PAULOCP@correios.com.br;0834-0617;6;5;2027
BRASIL;Smart Transportadora E Logística Eireli Epp;23490819000180;SCIA QUADRA 08 CONJUNTO 14 LOTE 19- ZONA INDUSTRIAL GUARÁ;Brasília;DF;71250740;comercial@smartmudancas.com.br;1006-0719;7;19;2029
BRASIL;Sacaai Comércio Alimentício E Distribuição De Grãos Ltda;54244430000188;RUA PERNAMBUCO, QUADRA 76, LOTE 11, LOJA 02 - SETOR TRADICIONAL PLANALTINA;Brasília;DF;73330091;sacaaidistribuicao@gmail.com;1443-0924;9;3;2034
BRASIL;Rosangela Ceola Serviços De Entregas Rapidas E Transportes;28449209000156;RUA 4C CHACARA 11, SUBSOLO SALA 3,4, LT 17A - SETOR HABITACIONAL VICENTE PIRES - TRECHO 3;Brasília;DF;72001180;financeiro@uplogisticadf.com.br;1145-0321;3;8;2031
BRASIL;Stamm Transportadora E Logistica Ltda;1570442000136;STRC Trecho 4 Conjunto B Lote 1 Parte A;Brasília;DF;71225542;adm@stammmudancas.com.br;0698-0815;8;19;2025
BRASIL;T.B Encomendas E Distribuições Ltda - Me;4984295000139;3º AVENIDA LOTE 312 A - LOJA 01 - TÉRREO - NÚCLEO BANDEIRANTE;Brasília;DF;71720586;JORSURAN@UOL.COM.BR;0629-0714;7;16;2024
BRASIL;Transportes Gerais Botafogo Ltda;72447000176;STRC Trecho 4, conjunto B, lote 03/04;Brasília;DF;71225542;juridico@botafogotransportes.com.br;0775-0716;7;4;2026
BRASIL;Transportadora Ney Das Mudanças Ltda;8290111000191;SETOR DE INDÚSTRIA, QUADRA 03, LOTE 67 - CEILÂNDIA;Brasília;DF;72265000;comercial.transney@gmail.com;0557-0513;5;27;2034
BRASIL;Up Serviço Logística E Transportes Eireli;25111693000110;Rua 4C, Chácara 11, Sala 02, Lote 17A, Subsolo - Setor Habitacional Vicente Pires;Brasília;DF;72001180;financeiro@uplogisticadf.com.br;1155-0421;4;9;2031
BRASIL;Up Transportes De Cargas Ltda;43350037000152;"Quadra QI 18 Nº 52/54, Edificio W Center; Loja 306 Parte C, Andar 3 - Setor Industrial Taguatinga";Brasília;DF;72135180;financeiro@cargasup.com.br;1363-0823;8;8;2033
BRASIL;Unitrans Mudanças E Transportes Eireli;37142387000120;SAAN Quadra 01 Lt. 145/155;Brasília;DF;70632100;unitrans@unitransinternational.com.br;0248-0807;8;14;2027
BRASIL;Transquavis Transportes Especiais Ltda - Me;5192715000107;Setor de Indústria e Abastecimento, quadra 5 área especial 6, sala 204;Brasília;DF;71205050;inter.transquavis@gmail.com;0448-0811;8;4;2021
BRASIL;Transul Serviços Locação E Transporte Ltda;35196765000123;Rodovia BR 135, km 8,5 - Maracanã;Brasília;DF;65095602;transul@transultransporte.com.br;0776-0716;3;26;2035
BRASIL;Transul Serviços Locação E Transporte Ltda;35196765000123;Rodovia BR 135, km 8,5 - Maracanã;Brasília;DF;65095602;fiscal@transultransporte.com.br;0776-0716;3;26;2035
BRASIL;Midia Express Servicos Logisticos Ltda;40594727000169;Q 02 CONJUNTO B LOTE,Nº 10, LOJA PARTE A-1 - SETOR DE INDUSTRIAS BERNARDO SAYAO (NUCLEO BANDEIRANTE);Brasília;DF;71736202;gustavokiadv@outlook.com;1224-0222;2;8;2032
BRASIL;Mídia Logística E Distribuição Ltda;7668895000186;SIBS Quadra 2, conj. B, lote 10 - Núcleo Bandeirante;Brasília;DF;71736202;midialog@grupomidia.com.br;0783-0716;7;28;2026
BRASIL;Macaw Brasil Transportes Eireli - Epp;21526849000173;SMAS TR 03 conj. 03 bloco E nº 60 sala 213 - Guará;Brasília;DF;71215300;tiago.mundim@macawtransportes.com.br;0754-0516;5;10;2026
BRASIL;Quick Delivery Brasilia Entregas Rapidas De Encomendas Ltda;8296144000149;AREA ADE, CONJ 21, LOTE 05 - ÁGUAS CLARAS;Brasília;DF;71989600;rgoncalves@quickdelivery.com.br;0825-0217;2;10;2027
BRASIL;Ribal Locadora De Veículos Ltda Epp;7605506000173;SCIA Quadra 14, cj. 2, lote 1/3 - Zona Industrial;Brasília;DF;71250110;FINANCEIRO@RIBAL.COM.BR;0935-0918;9;21;2028
BRASIL;Rápido Transnil Transportes Ltda;26435370000145;STRC Trecho 04 Conjunto B Lote 10;Brasília;DF;70310500;administrativo@transnil.com.br;0705-0915;9;9;2025
BRASIL;Mundial Residence Logística Eireli - Epp;502302000168;STRC trecho 04, conjunto B, lote 03/04;Brasília;DF;71225542;mundial.residence@bol.com.br;0921-0818;8;21;2028
BRASIL;Nk Logística E Transportes Ltda;32270711000172; ADE CONJUNTO 13, LOTE 30, PARTE - SAMAMBAIA;Brasília;DF;71987720;klebson.adm@nktransportes.com.br;1144-0321;3;2;2031
BRASIL;Novo Lar Mudanças E Transportes Ltda;38031555000173;STRC TRECHO 04, CONJUNTO B LOTE 16, GUARÁ;Brasília;DF;71225542;NOVOLARMUDANCAS@NOVOLARMUDANCAS.COM.BR;0615-0414;4;2;2024
BRASIL;Omni Comércio E Serviços Ltda;38029534000113;SIG Sul, quadra 6, lote 2040 - Zona Industrial;Brasília;DF;70610460;licitacao@ominidf.com.br;0917-0818;8;21;2028
BRASIL;Zurick Log Transportes Eireli Epp;27210071000175;QS 07 RUA 800 LOTE 11 BLOCO 01 LOJA 06  - AREAL (AGUAS CLARAS);Brasília;DF;71971540;zurick.log@gmail.com;0836-0617;6;19;2027
BRASIL;Vtc Operadora Logística Ltda;24893687000108; AEROPORTO INTERNACIONAL JUSCELINO KUBITSCHEK;Brasília;DF;71608900;garantiadaqualidade@vtclog.com.br;0319-1208;11;16;2028
BRASIL;Vtc Operadora Logística Ltda;24893687000108; AEROPORTO INTERNACIONAL JUSCELINO KUBITSCHEK;Brasília;DF;71608900;REGULATORIOS@VTCLOG.COM.BR;0319-1208;11;16;2028
BRASIL;Wfretes Tecnologia E Meios De Pagamentos S.A;27609855000170;TR SIA TRECHO 3, LOTE 2110/2120, PARTE D - ZONA INDUSTRIAL (GUARA);Brasília;DF;71200030;martiaga@cliqueeretire.com.br;1016-0919;9;12;2029
BRASIL; JOMAGA PARTICIPAÇÕES LTDA;4606250000120;SHN, Quadra 01, Bloco D Area Especial A, A14 - 8º Andar Salas 801/802- ;Brasília;DF;70701040;administrativo@jomaga.com.br;1491-0425;4;25;2035
BRASIL;RICO SOLUÇÕES & SERVIÇOS ESPECIALIZADOS LTDA;29202575000179;SHIN CA 01, Lote A, Bloco A, Sala 372;Brasília;DF;71510970;CAMILA@RICOSERVICOS.COM.BR;1534-0326;3;13;2036
